last,first,id,course-id,course-title,room,access1,access2,room2,access3
qhiY,ELORG,90720687,ARTHIST-3-01,HISTORY OF ARCHITECTURE,OSHMAN,HSART-07-090-BLDG CIRC UG,,,
PPydoc,fNZqmUJ,99820423,ARTHIST-3-01,HISTORY OF ARCHITECTURE,OSHMAN,HSART-07-090-BLDG CIRC UG,,,
jPIOPTmaa,xMxXNJli,73208912,ARTHIST-3-01,HISTORY OF ARCHITECTURE,OSHMAN,HSART-07-090-BLDG CIRC UG,,,
mwQ,hFwmcaYsS,02851103,ARTHIST-3-01,HISTORY OF ARCHITECTURE,OSHMAN,HSART-07-090-BLDG CIRC UG,,,
CEZAnwAN,aRr,56869514,ARTHIST-3-01,HISTORY OF ARCHITECTURE,OSHMAN,HSART-07-090-BLDG CIRC UG,,,
VfKzeAy,KUWSCGH,33777492,ARTHIST-3-01,HISTORY OF ARCHITECTURE,OSHMAN,HSART-07-090-BLDG CIRC UG,,,
fAoRmBZ,fdkac,28375772,ARTHIST-3-01,HISTORY OF ARCHITECTURE,OSHMAN,HSART-07-090-BLDG CIRC UG,,,
gnSFC,VVufz,31863722,ARTHIST-3-01,HISTORY OF ARCHITECTURE,OSHMAN,HSART-07-090-BLDG CIRC UG,,,
BRg,wysZazGs,30519342,ARTHIST-3-01,HISTORY OF ARCHITECTURE,OSHMAN,HSART-07-090-BLDG CIRC UG,,,
pQuWFZ,hnBb,02614442,ARTHIST-3-01,HISTORY OF ARCHITECTURE,OSHMAN,HSART-07-090-BLDG CIRC UG,,,
huTGsz,aQsh,09907481,ARTHIST-3-01,HISTORY OF ARCHITECTURE,OSHMAN,HSART-07-090-BLDG CIRC UG,,,
FQWAXGxuF,IcZxA,48087221,ARTHIST-3-01,HISTORY OF ARCHITECTURE,OSHMAN,HSART-07-090-BLDG CIRC UG,,,
AGzVY,LfFnPvYl,10706195,ARTHIST-3-01,HISTORY OF ARCHITECTURE,OSHMAN,HSART-07-090-BLDG CIRC UG,,,
APIRd,jJoWlsFsf,16831867,ARTHIST-3-01,HISTORY OF ARCHITECTURE,OSHMAN,HSART-07-090-BLDG CIRC UG,,,
idl,fupKmZ,36880968,ARTHIST-3-01,HISTORY OF ARCHITECTURE,OSHMAN,HSART-07-090-BLDG CIRC UG,,,
DVkNxFOM,ApxOyl,37832034,ARTHIST-3-01,HISTORY OF ARCHITECTURE,OSHMAN,HSART-07-090-BLDG CIRC UG,,,
tiXMfODcoKYv,LyNG,75555700,ARTHIST-3-01,HISTORY OF ARCHITECTURE,OSHMAN,HSART-07-090-BLDG CIRC UG,,,
FhXJF,SkuZY,54302878,ARTHIST-3-01,HISTORY OF ARCHITECTURE,OSHMAN,HSART-07-090-BLDG CIRC UG,,,
DjJOZqjPTdvqS,jHWC,80969485,ARTHIST-3-01,HISTORY OF ARCHITECTURE,OSHMAN,HSART-07-090-BLDG CIRC UG,,,
iQ,rgWOetqJ,07863067,ARTHIST-3-01,HISTORY OF ARCHITECTURE,OSHMAN,HSART-07-090-BLDG CIRC UG,,,
oAtTCMA,bGMZmte,52537264,ARTHIST-3-01,HISTORY OF ARCHITECTURE,OSHMAN,HSART-07-090-BLDG CIRC UG,,,
YxIYmSrtV,sczgW,63625088,ARTHIST-3-01,HISTORY OF ARCHITECTURE,OSHMAN,HSART-07-090-BLDG CIRC UG,,,
myJGKz,OxmYg,22329878,ARTHIST-3-01,HISTORY OF ARCHITECTURE,OSHMAN,HSART-07-090-BLDG CIRC UG,,,
LyLiAFPB,Gmo,42753702,ARTHIST-3-01,HISTORY OF ARCHITECTURE,OSHMAN,HSART-07-090-BLDG CIRC UG,,,
pQNWpwgpz,XjxBzJ,98919510,ARTHIST-3-01,HISTORY OF ARCHITECTURE,OSHMAN,HSART-07-090-BLDG CIRC UG,,,
YFxtm,nwUNiHQJ,17876218,ARTHIST-3-01,HISTORY OF ARCHITECTURE,OSHMAN,HSART-07-090-BLDG CIRC UG,,,
wulndS,IlJp,01971717,ARTHIST-3-01,HISTORY OF ARCHITECTURE,OSHMAN,HSART-07-090-BLDG CIRC UG,,,
cWWZoa,iwILO,63428267,ARTHIST-3-01,HISTORY OF ARCHITECTURE,OSHMAN,HSART-07-090-BLDG CIRC UG,,,
dlEFe,tWAMUp,82642869,ARTHIST-3-01,HISTORY OF ARCHITECTURE,OSHMAN,HSART-07-090-BLDG CIRC UG,,,
LcgsEV,KkMl,77017955,ARTHIST-3-01,HISTORY OF ARCHITECTURE,OSHMAN,HSART-07-090-BLDG CIRC UG,,,
XbVRhGmVKMjb,fdxQh,02293631,ARTHIST-3-01,HISTORY OF ARCHITECTURE,OSHMAN,HSART-07-090-BLDG CIRC UG,,,
jSKyw,xxnsMB,85681834,ARTHIST-3-01,HISTORY OF ARCHITECTURE,OSHMAN,HSART-07-090-BLDG CIRC UG,,,
mVFaGvMaX,QttOyc,16780875,ARTHIST-3-01,HISTORY OF ARCHITECTURE,OSHMAN,HSART-07-090-BLDG CIRC UG,,,
tltQdTa,mTXD,46479482,ARTHIST-3-01,HISTORY OF ARCHITECTURE,OSHMAN,HSART-07-090-BLDG CIRC UG,,,
ISpF,jyDPpE,11563298,ARTHIST-3-01,HISTORY OF ARCHITECTURE,OSHMAN,HSART-07-090-BLDG CIRC UG,,,
hhVpss,SIQhoey,44811722,ARTHIST-3-01,HISTORY OF ARCHITECTURE,OSHMAN,HSART-07-090-BLDG CIRC UG,,,
ZsQEsuQ,mAkiD,30656894,ARTHIST-3-02,HISTORY OF ARCHITECTURE,,,,,
KJWJa,sfcEU,09066678,ARTHIST-3-02,HISTORY OF ARCHITECTURE,,,,,
PHxGBM,IXFk,76376091,ARTHIST-3-02,HISTORY OF ARCHITECTURE,,,,,
KbWHcr,mDqH,82162340,ARTHIST-3-02,HISTORY OF ARCHITECTURE,,,,,
jbopVcDmQuCCG,qzic,70730976,ARTHIST-3-02,HISTORY OF ARCHITECTURE,,,,,
NWQtLwk,CiOGPYl,08706716,ARTHIST-3-02,HISTORY OF ARCHITECTURE,,,,,
FxhJG,zRTReknh,48700065,ARTHIST-3-02,HISTORY OF ARCHITECTURE,,,,,
vuQUvF,JGrNn,26620901,ARTHIST-3-02,HISTORY OF ARCHITECTURE,,,,,
vFlMdZyOh,UQUAjY,92121129,ARTHIST-3-02,HISTORY OF ARCHITECTURE,,,,,
xeON,xGFsgG,31335804,ARTHIST-3-02,HISTORY OF ARCHITECTURE,,,,,
cDYk,xPpPT,64877206,ARTHIST-3-03,HISTORY OF ARCHITECTURE,,,,,
zBq,eCzwxcirL,91017573,ARTHIST-3-03,HISTORY OF ARCHITECTURE,,,,,
idozNnWm,ZdW,04196393,ARTHIST-3-03,HISTORY OF ARCHITECTURE,,,,,
cLAhudW,OqKxtqD,56668547,ARTHIST-3-03,HISTORY OF ARCHITECTURE,,,,,
ias,NKfRxb,02198209,ARTHIST-3-03,HISTORY OF ARCHITECTURE,,,,,
ITqvTSen,VdlqjY,64118942,ARTHIST-3-03,HISTORY OF ARCHITECTURE,,,,,
PHVdEHaYuPZx,MAoI,02823615,ARTHIST-3-03,HISTORY OF ARCHITECTURE,,,,,
Scgijv,kNiHV,83372522,ARTHIST-3-03,HISTORY OF ARCHITECTURE,,,,,
nBuJoUDh,nzK,42833187,ARTHIST-3-03,HISTORY OF ARCHITECTURE,,,,,
lEytDDzPG,vLcILY,54580201,ARTHIST-3-03,HISTORY OF ARCHITECTURE,,,,,
HoHBfp,bpTz,42176205,ARTHIST-3-03,HISTORY OF ARCHITECTURE,,,,,
eXvGR,mBqDWs,09393306,ARTHIST-3-03,HISTORY OF ARCHITECTURE,,,,,
KZhYpG,ZNuK,06976350,ARTHIST-3-03,HISTORY OF ARCHITECTURE,,,,,
frQNz,qGrwzL,58455560,ARTHIST-3-03,HISTORY OF ARCHITECTURE,,,,,
VDeaGM,FneSqPu,12603912,ARTHIST-3-04,HISTORY OF ARCHITECTURE,ART350,HSART-07-090-BLDG CIRC UG,,,
FdXywdISx,rmOWNYLJ,56859055,ARTHIST-3-04,HISTORY OF ARCHITECTURE,ART350,HSART-07-090-BLDG CIRC UG,,,
AzX,dQzprFnB,71949108,ARTHIST-3-04,HISTORY OF ARCHITECTURE,ART350,HSART-07-090-BLDG CIRC UG,,,
WjDcGryKm,RtSAp,35099433,ARTHIST-3-04,HISTORY OF ARCHITECTURE,ART350,HSART-07-090-BLDG CIRC UG,,,
JAfKV,UFZPboUV,79336919,ARTHIST-3-04,HISTORY OF ARCHITECTURE,ART350,HSART-07-090-BLDG CIRC UG,,,
gledb,kaSDAwRCe,64764760,ARTHIST-3-04,HISTORY OF ARCHITECTURE,ART350,HSART-07-090-BLDG CIRC UG,,,
TKcaP,kkRrl,68318758,ARTHIST-3-04,HISTORY OF ARCHITECTURE,ART350,HSART-07-090-BLDG CIRC UG,,,
DK,lYqPZyBj,50139745,ARTHIST-3-04,HISTORY OF ARCHITECTURE,ART350,HSART-07-090-BLDG CIRC UG,,,
cAFVHLtYW,IPzhc,35571006,ARTHIST-3-04,HISTORY OF ARCHITECTURE,ART350,HSART-07-090-BLDG CIRC UG,,,
RMdWsCYjtuOK,obYUE,71117092,ARTHIST-3-04,HISTORY OF ARCHITECTURE,ART350,HSART-07-090-BLDG CIRC UG,,,
OZrwinL,UbFz,68515334,ARTHIST-3-04,HISTORY OF ARCHITECTURE,ART350,HSART-07-090-BLDG CIRC UG,,,
OXyDjw,OoOXvUv,65146321,ARTHIST-3-04,HISTORY OF ARCHITECTURE,ART350,HSART-07-090-BLDG CIRC UG,,,
oqoaQMnjHz,IWXWRW,73860365,ARTHIST-36-01,DANGEROUS IDEAS,,,,,
ZtKxjtIRh,MbOmAF,42575822,ARTHIST-36-01,DANGEROUS IDEAS,,,,,
xc,toUMI,37496598,ARTHIST-36-01,DANGEROUS IDEAS,,,,,
MTyscnZt,cNjyWDNa,26231973,ARTHIST-36-01,DANGEROUS IDEAS,,,,,
zhwN,TjRnxlK,36213868,ARTHIST-36-01,DANGEROUS IDEAS,,,,,
QGQg,rOvz,89069031,ARTHIST-36-01,DANGEROUS IDEAS,,,,,
YLPA,XOrS,00285232,ARTHIST-36-01,DANGEROUS IDEAS,,,,,
lvVTBsfL,ztjGR,95868165,ARTHIST-36-01,DANGEROUS IDEAS,,,,,
yfnlRAL,Pspachw,03496597,ARTHIST-36-01,DANGEROUS IDEAS,,,,,
uDEomR,OseEMTf,99475430,ARTHIST-36-01,DANGEROUS IDEAS,,,,,
OqCWVM,Dcd,02145576,ARTHIST-36-01,DANGEROUS IDEAS,,,,,
KYXthbP,Rjd,94856748,ARTHIST-36-01,DANGEROUS IDEAS,,,,,
kIzimWUV,snL,00855227,ARTHIST-36-01,DANGEROUS IDEAS,,,,,
KpgndT,FmZp,99658432,ARTHIST-36-01,DANGEROUS IDEAS,,,,,
WxXBCtodDxh,vXAdm,10251606,ARTHIST-36-01,DANGEROUS IDEAS,,,,,
UbUz,ZdRLVPupC,88765203,ARTHIST-36-01,DANGEROUS IDEAS,,,,,
SmaV,kCxfXt,41133305,ARTHIST-36-01,DANGEROUS IDEAS,,,,,
gZrstXV,TzjGuqG,52953000,ARTHIST-36-01,DANGEROUS IDEAS,,,,,
twU,ikSeY,56582718,ARTHIST-36-01,DANGEROUS IDEAS,,,,,
hnbbRRS,CoHMk,96701995,ARTHIST-36-01,DANGEROUS IDEAS,,,,,
SjBtAL,HwIo,55899304,ARTHIST-36-01,DANGEROUS IDEAS,,,,,
fDK,dnHRES,06933563,ARTHIST-36-01,DANGEROUS IDEAS,,,,,
MXOjl,fWOYT,18357649,ARTHIST-36-01,DANGEROUS IDEAS,,,,,
PJXYs,toal,42164285,ARTHIST-36-01,DANGEROUS IDEAS,,,,,
ZYmiQg,jTX,69481683,ARTHIST-36-01,DANGEROUS IDEAS,,,,,
CqmiprfCMre,ePhO,69451153,ARTHIST-36-01,DANGEROUS IDEAS,,,,,
SyviAzHY,CQel,34939756,ARTHIST-36-01,DANGEROUS IDEAS,,,,,
XfMZvlM,xXYYpA,77808805,ARTHIST-36-01,DANGEROUS IDEAS,,,,,
NUgaNh,EdOZI,28090447,ARTHIST-36-01,DANGEROUS IDEAS,,,,,
RcKKs,qrgBX,78300636,ARTHIST-36-01,DANGEROUS IDEAS,,,,,
ZmMRuex,pRned,72100866,ARTHIST-36-01,DANGEROUS IDEAS,,,,,
TTyK,fzJkFc,74310901,ARTHIST-36-01,DANGEROUS IDEAS,,,,,
WmxFOtyjv,djxuBle,05496219,FILMSTUD-100C-01,WORLD CINEMA III,ART115,HSART-07-090-BLDG CIRC UG,,ARTGAL7,HSART-03-001-AG BASEMENT
kNidyz,UuFlt,18640813,FILMSTUD-100C-01,WORLD CINEMA III,ART115,HSART-07-090-BLDG CIRC UG,,ARTGAL7,HSART-03-001-AG BASEMENT
MrFPWjh,fZfZlF,08727438,FILMSTUD-100C-01,WORLD CINEMA III,ART115,HSART-07-090-BLDG CIRC UG,,ARTGAL7,HSART-03-001-AG BASEMENT
YpTt,tJUSUk,24191684,FILMSTUD-100C-01,WORLD CINEMA III,ART115,HSART-07-090-BLDG CIRC UG,,ARTGAL7,HSART-03-001-AG BASEMENT
NgiOmzkOM,SDYbYGE,42503600,FILMSTUD-100C-01,WORLD CINEMA III,ART115,HSART-07-090-BLDG CIRC UG,,ARTGAL7,HSART-03-001-AG BASEMENT
WZnLvmY,LgAv,62703239,FILMSTUD-100C-01,WORLD CINEMA III,ART115,HSART-07-090-BLDG CIRC UG,,ARTGAL7,HSART-03-001-AG BASEMENT
IMfaGeUt,XtRNC,28704360,FILMSTUD-100C-01,WORLD CINEMA III,ART115,HSART-07-090-BLDG CIRC UG,,ARTGAL7,HSART-03-001-AG BASEMENT
NqETND,RevWp,46975963,FILMSTUD-100C-01,WORLD CINEMA III,ART115,HSART-07-090-BLDG CIRC UG,,ARTGAL7,HSART-03-001-AG BASEMENT
mqjBzwTF,WDmcs,84458299,FILMSTUD-100C-01,WORLD CINEMA III,ART115,HSART-07-090-BLDG CIRC UG,,ARTGAL7,HSART-03-001-AG BASEMENT
uqMh,TimaG,54746331,FILMSTUD-100C-01,WORLD CINEMA III,ART115,HSART-07-090-BLDG CIRC UG,,ARTGAL7,HSART-03-001-AG BASEMENT
SVTzKQFKv,nHSpJ,43601184,FILMSTUD-100C-01,WORLD CINEMA III,ART115,HSART-07-090-BLDG CIRC UG,,ARTGAL7,HSART-03-001-AG BASEMENT
CFaTnEGlu,AXByvvq,87811018,FILMSTUD-100C-02,WORLD CINEMA III,,,,,
wcChUW,mDgjT,45484182,FILMSTUD-100C-02,WORLD CINEMA III,,,,,
NQkdqea,FyHCIJ,02186010,FILMSTUD-100C-02,WORLD CINEMA III,,,,,
OwAa,AfBFBS,02507705,FILMSTUD-100C-02,WORLD CINEMA III,,,,,
WiUDHBgJf,JPAFQLY,26314167,FILMSTUD-100C-02,WORLD CINEMA III,,,,,
fpYxIbU,kdYJ,34090900,FILMSTUD-100C-02,WORLD CINEMA III,,,,,
KNIhYlBN,KRGDX,20882122,FILMSTUD-100C-02,WORLD CINEMA III,,,,,
tbsEYU,ADoao,76893267,FILMSTUD-100C-02,WORLD CINEMA III,,,,,
AGHZLtMP,aNVzA,05802479,FILMSTUD-100C-02,WORLD CINEMA III,,,,,
hIZV,cyqBL,94523504,FILMSTUD-100C-02,WORLD CINEMA III,,,,,
jIcwoMNPI,VeADM,25278072,FILMSTUD-100C-02,WORLD CINEMA III,,,,,
mWJSMWoa,TAtWm,63465010,ARTHIST-100N-01,THE ARTIST IN GREEK SOCIETY,ART370,HSART-07-090-BLDG CIRC UG,,,
aHgnnK,hDBLo,25787893,ARTHIST-100N-01,THE ARTIST IN GREEK SOCIETY,ART370,HSART-07-090-BLDG CIRC UG,,,
EGpdiwz,qsdJs,76876394,ARTHIST-100N-01,THE ARTIST IN GREEK SOCIETY,ART370,HSART-07-090-BLDG CIRC UG,,,
wOqmRoMm,XZNKU,99426025,ARTHIST-100N-01,THE ARTIST IN GREEK SOCIETY,ART370,HSART-07-090-BLDG CIRC UG,,,
TQGKobe,CFpEI,42350155,ARTHIST-100N-01,THE ARTIST IN GREEK SOCIETY,ART370,HSART-07-090-BLDG CIRC UG,,,
ySZMRXNN,cwMj,57382603,FILMSTUD-102-01,THEORIES OF MOVING IMAGE,ART115,HSART-07-090-BLDG CIRC UG,,ART360,
kkqTPvk,UBZi,60431236,FILMSTUD-102-01,THEORIES OF MOVING IMAGE,ART115,HSART-07-090-BLDG CIRC UG,,ART360,
vVLCWkf,Oge,18718243,FILMSTUD-102-01,THEORIES OF MOVING IMAGE,ART115,HSART-07-090-BLDG CIRC UG,,ART360,
gyOqmvds,DEQHWNDYG,96136823,FILMSTUD-102-01,THEORIES OF MOVING IMAGE,ART115,HSART-07-090-BLDG CIRC UG,,ART360,
bSgGVrEYuskE,WhohjkF,91784023,FILMSTUD-102-01,THEORIES OF MOVING IMAGE,ART115,HSART-07-090-BLDG CIRC UG,,ART360,
PkLy,HEZUit,22582804,FILMSTUD-102-01,THEORIES OF MOVING IMAGE,ART115,HSART-07-090-BLDG CIRC UG,,ART360,
gToRt,YHwVk,37950193,FILMSTUD-102-01,THEORIES OF MOVING IMAGE,ART115,HSART-07-090-BLDG CIRC UG,,ART360,
zgXiH,mKiZbT,14660221,FILMPROD-104-01,SCREENWRITING II,,,,,
fJBLzzYpPbzj,aEyH,96087477,FILMPROD-104-01,SCREENWRITING II,,,,,
ql,cfEIt,78719550,FILMPROD-104-01,SCREENWRITING II,,,,,
rMEPYOcoI,GygUFOhWuI,89625587,FILMPROD-104-01,SCREENWRITING II,,,,,
UObCbq,oaM,60518361,FILMPROD-104-01,SCREENWRITING II,,,,,
RZMKrv,zjDq,26489803,FILMPROD-104-01,SCREENWRITING II,,,,,
yOcT,uDJFEQ,53999226,FILMPROD-104-01,SCREENWRITING II,,,,,
qrRApUpr,dyiKV,42981932,FILMPROD-104-01,SCREENWRITING II,,,,,
oppNk,uCbdSy,02497749,FILMPROD-104-01,SCREENWRITING II,,,,,
IalKD,mWwwKxxR,08512281,FILMPROD-104-01,SCREENWRITING II,,,,,
WBrlbX,mQRAMGe,79855330,FILMPROD-104-01,SCREENWRITING II,,,,,
JTPvhxDcM,IbG,17493939,FILMPROD-104-01,SCREENWRITING II,,,,,
TUNJUhCJn,YXEq,98867370,FILMPROD-105-01,SCRIPT ANALYSIS,ART115,HSART-07-090-BLDG CIRC UG,,,
PNVXZAuQ,MGLeoij,09450969,FILMPROD-105-01,SCRIPT ANALYSIS,ART115,HSART-07-090-BLDG CIRC UG,,,
hYgU,bhSwa,04992096,FILMPROD-105-01,SCRIPT ANALYSIS,ART115,HSART-07-090-BLDG CIRC UG,,,
LfkvAp,rKnAu,97545813,FILMPROD-105-01,SCRIPT ANALYSIS,ART115,HSART-07-090-BLDG CIRC UG,,,
csEeDNpBIw,euWm,81524839,FILMPROD-105-01,SCRIPT ANALYSIS,ART115,HSART-07-090-BLDG CIRC UG,,,
slPkx,jGEjD,76935287,FILMPROD-105-01,SCRIPT ANALYSIS,ART115,HSART-07-090-BLDG CIRC UG,,,
QGMYpuZnjp,YOXs,65351729,FILMPROD-105-01,SCRIPT ANALYSIS,ART115,HSART-07-090-BLDG CIRC UG,,,
igS,TtmMEEG,08093839,FILMPROD-105-01,SCRIPT ANALYSIS,ART115,HSART-07-090-BLDG CIRC UG,,,
fn,uajUW,47291144,FILMPROD-105-01,SCRIPT ANALYSIS,ART115,HSART-07-090-BLDG CIRC UG,,,
toAra,iwTbp,90312169,FILMPROD-105-01,SCRIPT ANALYSIS,ART115,HSART-07-090-BLDG CIRC UG,,,
hDNI,jsMo,52115210,FILMPROD-105-01,SCRIPT ANALYSIS,ART115,HSART-07-090-BLDG CIRC UG,,,
RNIVFt,gBwJd,30102120,FILMPROD-105-01,SCRIPT ANALYSIS,ART115,HSART-07-090-BLDG CIRC UG,,,
IZDVr,kfBLB,75894028,FILMPROD-105-01,SCRIPT ANALYSIS,ART115,HSART-07-090-BLDG CIRC UG,,,
YJnYewR,EsBh,71504593,FILMPROD-105-01,SCRIPT ANALYSIS,ART115,HSART-07-090-BLDG CIRC UG,,,
oUgiZMGN,poOpfAl,50895097,FILMPROD-105-01,SCRIPT ANALYSIS,ART115,HSART-07-090-BLDG CIRC UG,,,
GUUYPbYs,hmkYG,11895063,FILMPROD-105-01,SCRIPT ANALYSIS,ART115,HSART-07-090-BLDG CIRC UG,,,
LkyTIYGu,xsyBLRH,95934276,FILMPROD-105-01,SCRIPT ANALYSIS,ART115,HSART-07-090-BLDG CIRC UG,,,
utVPPHm,knpBWr,99714636,FILMPROD-105-01,SCRIPT ANALYSIS,ART115,HSART-07-090-BLDG CIRC UG,,,
VBTaBlqX,wEJCdQbJ,80104088,FILMPROD-105-01,SCRIPT ANALYSIS,ART115,HSART-07-090-BLDG CIRC UG,,,
ETEtHk,gHCp,04041306,FILMPROD-105-01,SCRIPT ANALYSIS,ART115,HSART-07-090-BLDG CIRC UG,,,
lNETh,ySfpQp,66422333,FILMPROD-105-01,SCRIPT ANALYSIS,ART115,HSART-07-090-BLDG CIRC UG,,,
rsTS,MLyBJRiv,02891082,FILMPROD-105-01,SCRIPT ANALYSIS,ART115,HSART-07-090-BLDG CIRC UG,,,
ZIFK,GpDYyB,37226348,FILMPROD-105-01,SCRIPT ANALYSIS,ART115,HSART-07-090-BLDG CIRC UG,,,
ltBrq,SeXtZMdA,12918506,FILMPROD-105-01,SCRIPT ANALYSIS,ART115,HSART-07-090-BLDG CIRC UG,,,
QqdDKUc,dMt,08820165,FILMPROD-105-01,SCRIPT ANALYSIS,ART115,HSART-07-090-BLDG CIRC UG,,,
KSBrtgoM,gANFO,34754841,ARTHIST-105B-01,MEDIEVAL JOURNEYS: ART,ART350,HSART-07-090-BLDG CIRC UG,,,
zFJgF,oXjPgt,43346955,ARTHIST-105B-01,MEDIEVAL JOURNEYS: ART,ART350,HSART-07-090-BLDG CIRC UG,,,
XOtry,hAPVJdp,70871860,ARTHIST-105B-01,MEDIEVAL JOURNEYS: ART,ART350,HSART-07-090-BLDG CIRC UG,,,
LZUZCu,yART,63823007,ARTHIST-105B-01,MEDIEVAL JOURNEYS: ART,ART350,HSART-07-090-BLDG CIRC UG,,,
PGsrM,vbVTW,29443284,ARTHIST-105B-01,MEDIEVAL JOURNEYS: ART,ART350,HSART-07-090-BLDG CIRC UG,,,
AIwmne,vGhjo,69662368,ARTHIST-105B-01,MEDIEVAL JOURNEYS: ART,ART350,HSART-07-090-BLDG CIRC UG,,,
oYqkEWg,IcZkTN,32901099,ARTHIST-105B-01,MEDIEVAL JOURNEYS: ART,ART350,HSART-07-090-BLDG CIRC UG,,,
OPesCpEDg,YDNrRT,72169254,ARTHIST-105B-01,MEDIEVAL JOURNEYS: ART,ART350,HSART-07-090-BLDG CIRC UG,,,
xVTB,kdxmNdY,42759327,ARTHIST-105B-01,MEDIEVAL JOURNEYS: ART,ART350,HSART-07-090-BLDG CIRC UG,,,
NlsJgHC,bTSn,42797129,ARTHIST-105B-01,MEDIEVAL JOURNEYS: ART,ART350,HSART-07-090-BLDG CIRC UG,,,
mGUsChd,eyMI,25801994,ARTHIST-105B-01,MEDIEVAL JOURNEYS: ART,ART350,HSART-07-090-BLDG CIRC UG,,,
vUwHSy,eUKjVdl,28359282,ARTHIST-105B-01,MEDIEVAL JOURNEYS: ART,ART350,HSART-07-090-BLDG CIRC UG,,,
NbxLk,jAwbUi,21031235,ARTHIST-105B-02,MEDIEVAL JOURNEYS: ART,,,,,
Fjnym,VmNPfmH,06076360,ARTHIST-105B-02,MEDIEVAL JOURNEYS: ART,,,,,
sIMrXV,ytFv,04770941,ARTHIST-105B-02,MEDIEVAL JOURNEYS: ART,,,,,
hsDKn,XAxEL,42381147,ARTHIST-105B-02,MEDIEVAL JOURNEYS: ART,,,,,
PDfZuV,fueSI,89448564,ARTHIST-105B-02,MEDIEVAL JOURNEYS: ART,,,,,
bojKlYK,VDIC,36530076,ARTHIST-105B-02,MEDIEVAL JOURNEYS: ART,,,,,
ydufgdC,QQRV,85173146,ARTHIST-105B-02,MEDIEVAL JOURNEYS: ART,,,,,
ztwbkR,igcnlUx,13518348,ARTHIST-105B-02,MEDIEVAL JOURNEYS: ART,,,,,
xhQiaIzY,evIhp,76016964,ARTHIST-105B-03,MEDIEVAL JOURNEYS: ART,,,,,
sNWKQVI,qZmvkz,63816380,ARTHIST-105B-03,MEDIEVAL JOURNEYS: ART,,,,,
IyGSmLoRB,KTHZKr,50120936,ARTHIST-105B-03,MEDIEVAL JOURNEYS: ART,,,,,
seHS,RPuDhrf,77321395,ARTHIST-105B-03,MEDIEVAL JOURNEYS: ART,,,,,
XMsjy,mdmGvoQ,37615109,FILMPROD-106-01,IMAGE AND SOUND: FILMMAKING,,,,,
tUSloDKwJEa,XfIHU,04522792,FILMPROD-106-01,IMAGE AND SOUND: FILMMAKING,,,,,
EtJbn,LYFwyQ,83081169,FILMPROD-106-01,IMAGE AND SOUND: FILMMAKING,,,,,
huTD,cDZhIEt,23297967,FILMPROD-106-01,IMAGE AND SOUND: FILMMAKING,,,,,
PlMNRksdj,YjIkUpor,08391321,FILMPROD-106-01,IMAGE AND SOUND: FILMMAKING,,,,,
IAEV,aFXWCN,95411209,FILMPROD-106-01,IMAGE AND SOUND: FILMMAKING,,,,,
OIPdKSgyP,RMOFf,79001267,FILMPROD-106-01,IMAGE AND SOUND: FILMMAKING,,,,,
zNqJXTQchafnQo,JlmyFE,77039808,FILMPROD-106-01,IMAGE AND SOUND: FILMMAKING,,,,,
uTpo,DGcpmx,20446622,FILMPROD-106-01,IMAGE AND SOUND: FILMMAKING,,,,,
MDUakvAVw,DlK,47496380,FILMPROD-106-01,IMAGE AND SOUND: FILMMAKING,,,,,
IWo,oLmHkMlwb,59208689,FILMPROD-106-01,IMAGE AND SOUND: FILMMAKING,,,,,
VBpkKATTEuMG,jmRtH,52467807,FILMPROD-106-01,IMAGE AND SOUND: FILMMAKING,,,,,
GFn,JLv,62216668,FILMPROD-106-01,IMAGE AND SOUND: FILMMAKING,,,,,
Izt,hyZDJ,43904558,FILMPROD-106-01,IMAGE AND SOUND: FILMMAKING,,,,,
iHdZ,fxTiGf,27303446,FILMPROD-106-01,IMAGE AND SOUND: FILMMAKING,,,,,
AxSkOL,OgItlHMmR,62646035,FILMPROD-106-01,IMAGE AND SOUND: FILMMAKING,,,,,
VptgWvx,LRGbBEI,17139632,FILMPROD-106-01,IMAGE AND SOUND: FILMMAKING,,,,,
pfyHoIsGN,KLYplBI,75156957,FILMPROD-106-01,IMAGE AND SOUND: FILMMAKING,,,,,
nrdDKbIiW,GGLYWv,82098372,FILMPROD-106-01,IMAGE AND SOUND: FILMMAKING,,,,,
RwEBrR,HMWbgQ,83738467,FILMPROD-106-01,IMAGE AND SOUND: FILMMAKING,,,,,
MIIdEtj,mmOdFhJ,82875677,FILMPROD-106-01,IMAGE AND SOUND: FILMMAKING,,,,,
Sems,mkYi,30754081,FILMPROD-106-01,IMAGE AND SOUND: FILMMAKING,,,,,
sFzGSMzW,EeJF,98850063,FILMPROD-106-01,IMAGE AND SOUND: FILMMAKING,,,,,
IGPbUNG,vBPWDl,41368308,FILMPROD-106-01,IMAGE AND SOUND: FILMMAKING,,,,,
fZujq,wXUs,99366882,FILMPROD-106-01,IMAGE AND SOUND: FILMMAKING,,,,,
FNfm,cBJIqg,30161680,FILMPROD-106-01,IMAGE AND SOUND: FILMMAKING,,,,,
OSub,MaMf,35795628,FILMPROD-106-01,IMAGE AND SOUND: FILMMAKING,,,,,
Tklg,FSrkD,88184306,FILMPROD-106-01,IMAGE AND SOUND: FILMMAKING,,,,,
eTtQe,zhIEqz,51489480,FILMPROD-106-01,IMAGE AND SOUND: FILMMAKING,,,,,
zocLbAOw,Ot,29688664,FILMPROD-106-01,IMAGE AND SOUND: FILMMAKING,,,,,
jVKPluVDkUfgbawkoK,ZqJIqPJ,66247935,FILMPROD-106-01,IMAGE AND SOUND: FILMMAKING,,,,,
yxCDdkHhkj,ORQOyjA,57756916,FILMPROD-114-01,INTRO TO FILM/VIDEO PROD,ART370,HSART-07-090-BLDG CIRC UG,,,
rcgV,WEQIX,32222337,FILMPROD-114-01,INTRO TO FILM/VIDEO PROD,ART370,HSART-07-090-BLDG CIRC UG,,,
rmKIau,pHGOqv,71828322,FILMPROD-114-01,INTRO TO FILM/VIDEO PROD,ART370,HSART-07-090-BLDG CIRC UG,,,
uPMklXEKF,FJx,78867888,FILMPROD-114-01,INTRO TO FILM/VIDEO PROD,ART370,HSART-07-090-BLDG CIRC UG,,,
ceCeeRY,hULsMhmd,82040496,FILMPROD-114-01,INTRO TO FILM/VIDEO PROD,ART370,HSART-07-090-BLDG CIRC UG,,,
NcRU,Lkfv,56429506,FILMPROD-114-01,INTRO TO FILM/VIDEO PROD,ART370,HSART-07-090-BLDG CIRC UG,,,
cfLGpDnF,fzseTgcQH,74753025,FILMPROD-114-01,INTRO TO FILM/VIDEO PROD,ART370,HSART-07-090-BLDG CIRC UG,,,
plhHfhN,sNBV,51097847,FILMPROD-114-01,INTRO TO FILM/VIDEO PROD,ART370,HSART-07-090-BLDG CIRC UG,,,
dUtGVzd,vpHX,14575459,FILMPROD-114-01,INTRO TO FILM/VIDEO PROD,ART370,HSART-07-090-BLDG CIRC UG,,,
JozJz,KQWty,43620240,FILMPROD-114-01,INTRO TO FILM/VIDEO PROD,ART370,HSART-07-090-BLDG CIRC UG,,,
kCPjrJc,kaiLCP,44099019,FILMPROD-114-01,INTRO TO FILM/VIDEO PROD,ART370,HSART-07-090-BLDG CIRC UG,,,
muzYZT,SQii,30970251,FILMPROD-114-01,INTRO TO FILM/VIDEO PROD,ART370,HSART-07-090-BLDG CIRC UG,,,
Vmzcq,yinUC,29638293,FILMPROD-114-01,INTRO TO FILM/VIDEO PROD,ART370,HSART-07-090-BLDG CIRC UG,,,
GTtVYhH,TPRGz,63182162,FILMPROD-114-01,INTRO TO FILM/VIDEO PROD,ART370,HSART-07-090-BLDG CIRC UG,,,
yAuRuWYR,EMoW,85847167,FILMSTUD-119-01,SCIENCE FICTION,ART360,HSART-07-090-BLDG CIRC UG,,ART115,
Jagz,iosnbK,67627315,FILMSTUD-119-01,SCIENCE FICTION,ART360,HSART-07-090-BLDG CIRC UG,,ART115,
ZdlPG,OmUJK,58978064,FILMSTUD-119-01,SCIENCE FICTION,ART360,HSART-07-090-BLDG CIRC UG,,ART115,
PTjXCSYy,OCLkYL,35119472,FILMSTUD-119-01,SCIENCE FICTION,ART360,HSART-07-090-BLDG CIRC UG,,ART115,
xxLsR,ZhxZVsZ,22547400,FILMSTUD-119-01,SCIENCE FICTION,ART360,HSART-07-090-BLDG CIRC UG,,ART115,
uipI,rFSfNsw,81959150,FILMSTUD-119-01,SCIENCE FICTION,ART360,HSART-07-090-BLDG CIRC UG,,ART115,
bBxnPl,wPbcr,10392618,FILMSTUD-119-01,SCIENCE FICTION,ART360,HSART-07-090-BLDG CIRC UG,,ART115,
EGejaO,nCUhU,27926874,FILMSTUD-119-01,SCIENCE FICTION,ART360,HSART-07-090-BLDG CIRC UG,,ART115,
KrccsGVi,hxPxmcmY,72471774,FILMSTUD-119-01,SCIENCE FICTION,ART360,HSART-07-090-BLDG CIRC UG,,ART115,
CdGEg,sZBxb,83591472,FILMSTUD-119-01,SCIENCE FICTION,ART360,HSART-07-090-BLDG CIRC UG,,ART115,
FmJbGvD,TOE,64175191,FILMSTUD-119-01,SCIENCE FICTION,ART360,HSART-07-090-BLDG CIRC UG,,ART115,
uQpUlPw,qcDMk,44585623,FILMSTUD-119-01,SCIENCE FICTION,ART360,HSART-07-090-BLDG CIRC UG,,ART115,
gEHMOzro,sKXZz,80635328,FILMSTUD-119-01,SCIENCE FICTION,ART360,HSART-07-090-BLDG CIRC UG,,ART115,
ZoxnR,BTUyq,80076693,ARTHIST-122-01,THE AGE OF REVOLUTION,ART370,HSART-07-090-BLDG CIRC UG,,,
ExBtbNnK,cBueL,58050632,ARTHIST-122-01,THE AGE OF REVOLUTION,ART370,HSART-07-090-BLDG CIRC UG,,,
qIIBTMO,YUQsY,66572836,ARTHIST-122-01,THE AGE OF REVOLUTION,ART370,HSART-07-090-BLDG CIRC UG,,,
EafVg,SuJVSoRS,77638801,ARTHIST-122-01,THE AGE OF REVOLUTION,ART370,HSART-07-090-BLDG CIRC UG,,,
jwgXMG,XlSTHp,72974605,ARTHIST-122-01,THE AGE OF REVOLUTION,ART370,HSART-07-090-BLDG CIRC UG,,,
TWklKt,rLNffY,47775419,ARTHIST-122-01,THE AGE OF REVOLUTION,ART370,HSART-07-090-BLDG CIRC UG,,,
YowevrtKCX,pMx,93672385,ARTHIST-122-01,THE AGE OF REVOLUTION,ART370,HSART-07-090-BLDG CIRC UG,,,
gRiUye,wQIetu,20833477,ARTHIST-122-01,THE AGE OF REVOLUTION,ART370,HSART-07-090-BLDG CIRC UG,,,
JYtC,Qcv,45270862,ARTHIST-122-01,THE AGE OF REVOLUTION,ART370,HSART-07-090-BLDG CIRC UG,,,
RlsyzpJ,oycEZgTs,76569248,ARTHIST-122-01,THE AGE OF REVOLUTION,ART370,HSART-07-090-BLDG CIRC UG,,,
mxeS,eECRBv,26369759,ARTHIST-122-01,THE AGE OF REVOLUTION,ART370,HSART-07-090-BLDG CIRC UG,,,
aPm,jReXc,30934202,FILMSTUD-127-01,FRANKENSTEIN AND FILM,ART115,HSART-07-090-BLDG CIRC UG,,ART007,
AnTkV,tAYyg,29180780,FILMSTUD-127-01,FRANKENSTEIN AND FILM,ART115,HSART-07-090-BLDG CIRC UG,,ART007,
LZh,mtFMC,34545241,FILMSTUD-127-02,FRANKENSTEIN AND FILM,,,,,
ollev,WJHCX,68848526,FILMSTUD-127-02,FRANKENSTEIN AND FILM,,,,,
UHuaCr,XpnRON,53787906,FILMSTUD-129-01,ANIMATION AND THE ANIMATED FIL,ART115,HSART-07-090-BLDG CIRC UG,,ART007,
ydfvL,CycCkN,27248198,FILMSTUD-129-01,ANIMATION AND THE ANIMATED FIL,ART115,HSART-07-090-BLDG CIRC UG,,ART007,
qFefu,GZHF,81933491,FILMSTUD-129-01,ANIMATION AND THE ANIMATED FIL,ART115,HSART-07-090-BLDG CIRC UG,,ART007,
TthF,cjWgTe,09892865,FILMSTUD-129-01,ANIMATION AND THE ANIMATED FIL,ART115,HSART-07-090-BLDG CIRC UG,,ART007,
WoEBVSA,tBJf,40475546,FILMSTUD-129-01,ANIMATION AND THE ANIMATED FIL,ART115,HSART-07-090-BLDG CIRC UG,,ART007,
ZEFFZCZM,trVN,99644966,FILMSTUD-129-01,ANIMATION AND THE ANIMATED FIL,ART115,HSART-07-090-BLDG CIRC UG,,ART007,
axmmpGi,tXQXzs,16424967,FILMSTUD-129-01,ANIMATION AND THE ANIMATED FIL,ART115,HSART-07-090-BLDG CIRC UG,,ART007,
uhwqO,KFiGOgfJ,57186547,FILMSTUD-129-01,ANIMATION AND THE ANIMATED FIL,ART115,HSART-07-090-BLDG CIRC UG,,ART007,
iZGzRNRbP,yCQhSLjgzm,10773815,FILMSTUD-129-01,ANIMATION AND THE ANIMATED FIL,ART115,HSART-07-090-BLDG CIRC UG,,ART007,
JaY,DjGET,37058335,FILMSTUD-129-01,ANIMATION AND THE ANIMATED FIL,ART115,HSART-07-090-BLDG CIRC UG,,ART007,
IHAqZxV,gJBFW,02517828,FILMSTUD-129-01,ANIMATION AND THE ANIMATED FIL,ART115,HSART-07-090-BLDG CIRC UG,,ART007,
pACWsn,WIBl,94131418,FILMSTUD-129-01,ANIMATION AND THE ANIMATED FIL,ART115,HSART-07-090-BLDG CIRC UG,,ART007,
lRvtx,IeOT,31656937,FILMSTUD-129-01,ANIMATION AND THE ANIMATED FIL,ART115,HSART-07-090-BLDG CIRC UG,,ART007,
djoHvdTD,dprFU,41885074,FILMSTUD-129-01,ANIMATION AND THE ANIMATED FIL,ART115,HSART-07-090-BLDG CIRC UG,,ART007,
WAsO,kLFjvtZ,44671277,FILMSTUD-129-01,ANIMATION AND THE ANIMATED FIL,ART115,HSART-07-090-BLDG CIRC UG,,ART007,
yGbw,qzHwjY,10362861,FILMSTUD-129-02,ANIMATION AND THE ANIMATED FIL,ART370,HSART-07-090-BLDG CIRC UG,,,
kxVegsC,xMvP,41390869,FILMSTUD-129-02,ANIMATION AND THE ANIMATED FIL,ART370,HSART-07-090-BLDG CIRC UG,,,
lTlHmDTW,TWuz,81233103,FILMSTUD-129-02,ANIMATION AND THE ANIMATED FIL,ART370,HSART-07-090-BLDG CIRC UG,,,
nVlNARc,ypTzCT,03752893,FILMSTUD-129-02,ANIMATION AND THE ANIMATED FIL,ART370,HSART-07-090-BLDG CIRC UG,,,
skVSE,GQZlNtEi,08061436,FILMSTUD-129-02,ANIMATION AND THE ANIMATED FIL,ART370,HSART-07-090-BLDG CIRC UG,,,
yocIYzn,GWHfA,22958979,FILMSTUD-129-02,ANIMATION AND THE ANIMATED FIL,ART370,HSART-07-090-BLDG CIRC UG,,,
qVTFAY,XAZe,97121857,FILMSTUD-129-02,ANIMATION AND THE ANIMATED FIL,ART370,HSART-07-090-BLDG CIRC UG,,,
TMVul,MryWbF,47511115,FILMSTUD-129-03,ANIMATION AND THE ANIMATED FIL,ART360,HSART-07-090-BLDG CIRC UG,,,
yJorO,IjZc,01105805,FILMSTUD-129-03,ANIMATION AND THE ANIMATED FIL,ART360,HSART-07-090-BLDG CIRC UG,,,
LaGdpotIg,KlwrMBIcoM,60950855,FILMSTUD-129-03,ANIMATION AND THE ANIMATED FIL,ART360,HSART-07-090-BLDG CIRC UG,,,
kvi,zTTcl,93173955,FILMSTUD-129-03,ANIMATION AND THE ANIMATED FIL,ART360,HSART-07-090-BLDG CIRC UG,,,
HcxemKkd,xRyfW,04726568,FILMSTUD-129-03,ANIMATION AND THE ANIMATED FIL,ART360,HSART-07-090-BLDG CIRC UG,,,
SVJRICFWH,MnQkx,16763977,ARTSTUDI-130-01,INTERACTIVE ART I,ART011B,HSART-07-090-BLDG CIRC UG,,,
Xuvbygk,hmXb,25611236,ARTSTUDI-130-01,INTERACTIVE ART I,ART011B,HSART-07-090-BLDG CIRC UG,,,
Rhq,QApgzU,70903246,ARTSTUDI-130-01,INTERACTIVE ART I,ART011B,HSART-07-090-BLDG CIRC UG,,,
XmKLOoj,WyhvsAg,78448131,ARTSTUDI-130-01,INTERACTIVE ART I,ART011B,HSART-07-090-BLDG CIRC UG,,,
EQENp,jTXnPA,08007435,ARTSTUDI-130-01,INTERACTIVE ART I,ART011B,HSART-07-090-BLDG CIRC UG,,,
ijDUjhPd,gWDZf,31463917,ARTSTUDI-130-01,INTERACTIVE ART I,ART011B,HSART-07-090-BLDG CIRC UG,,,
zEG,iiyIzw,79515946,ARTSTUDI-130-01,INTERACTIVE ART I,ART011B,HSART-07-090-BLDG CIRC UG,,,
Cpi,GHNlpF,32807455,ARTSTUDI-130-01,INTERACTIVE ART I,ART011B,HSART-07-090-BLDG CIRC UG,,,
YZFhghWG,kiEhJ,98683656,ARTSTUDI-130-01,INTERACTIVE ART I,ART011B,HSART-07-090-BLDG CIRC UG,,,
WKoBJNtY,jXlbGK,81634740,ARTSTUDI-130-01,INTERACTIVE ART I,ART011B,HSART-07-090-BLDG CIRC UG,,,
fse,hEQI,86898104,ARTSTUDI-130-01,INTERACTIVE ART I,ART011B,HSART-07-090-BLDG CIRC UG,,,
NUucqDx,guq,76931498,ARTSTUDI-130-01,INTERACTIVE ART I,ART011B,HSART-07-090-BLDG CIRC UG,,,
VyuH,AFky,97070590,ARTSTUDI-130-01,INTERACTIVE ART I,ART011B,HSART-07-090-BLDG CIRC UG,,,
cXFsLsAljBcBl,esZo,58319290,ARTSTUDI-130-01,INTERACTIVE ART I,ART011B,HSART-07-090-BLDG CIRC UG,,,
RWaVK,YbHAyRcy,78127559,ARTSTUDI-130-01,INTERACTIVE ART I,ART011B,HSART-07-090-BLDG CIRC UG,,,
TYwEM,mqvBYiT,64405834,ARTSTUDI-130-01,INTERACTIVE ART I,ART011B,HSART-07-090-BLDG CIRC UG,,,
fPzbaO,ggTMiwx,55777734,ARTSTUDI-136-01,THE PORTABLE STUDIO,ART011B,HSART-07-090-BLDG CIRC UG,,,
VwOV,WUZdFNQ,20453006,ARTSTUDI-136-01,THE PORTABLE STUDIO,ART011B,HSART-07-090-BLDG CIRC UG,,,
eURegmHq,MPOvuy,79844876,ARTSTUDI-136-01,THE PORTABLE STUDIO,ART011B,HSART-07-090-BLDG CIRC UG,,,
bYrMSAIB,SiuZtV,08503513,ARTSTUDI-136-01,THE PORTABLE STUDIO,ART011B,HSART-07-090-BLDG CIRC UG,,,
irzbRpW,YqVF,35619318,ARTSTUDI-136-01,THE PORTABLE STUDIO,ART011B,HSART-07-090-BLDG CIRC UG,,,
CBWsYgDY,KEXM,25905534,ARTSTUDI-136-01,THE PORTABLE STUDIO,ART011B,HSART-07-090-BLDG CIRC UG,,,
sDr,jvOYlw,13424292,ARTSTUDI-136-01,THE PORTABLE STUDIO,ART011B,HSART-07-090-BLDG CIRC UG,,,
XZ,ZEjjyA,10128872,ARTSTUDI-140-01,DRAWING I,ART301,HSART-07-090-BLDG CIRC UG,HSART-07-090-23FPROD,,
WLBCIF,hZgcx,97886511,ARTSTUDI-140-01,DRAWING I,ART301,HSART-07-090-BLDG CIRC UG,HSART-07-090-23FPROD,,
NjpSy,uFtzh,57945369,ARTSTUDI-140-01,DRAWING I,ART301,HSART-07-090-BLDG CIRC UG,HSART-07-090-23FPROD,,
hWEEp,XwXW,17443374,ARTSTUDI-140-01,DRAWING I,ART301,HSART-07-090-BLDG CIRC UG,HSART-07-090-23FPROD,,
ByQukyW,BeNpX,95117968,ARTSTUDI-140-01,DRAWING I,ART301,HSART-07-090-BLDG CIRC UG,HSART-07-090-23FPROD,,
FivPIvOCj,pHhIKmf,38131374,ARTSTUDI-140-01,DRAWING I,ART301,HSART-07-090-BLDG CIRC UG,HSART-07-090-23FPROD,,
pXaxmEn,VEAHQo,12730221,ARTSTUDI-140-01,DRAWING I,ART301,HSART-07-090-BLDG CIRC UG,HSART-07-090-23FPROD,,
eZIKyA,ofY,97961961,ARTSTUDI-140-01,DRAWING I,ART301,HSART-07-090-BLDG CIRC UG,HSART-07-090-23FPROD,,
IYfS,tXIv,88548448,ARTSTUDI-140-01,DRAWING I,ART301,HSART-07-090-BLDG CIRC UG,HSART-07-090-23FPROD,,
KQEXiWJFXGIaFuA,abeahib,12705573,ARTSTUDI-140-01,DRAWING I,ART301,HSART-07-090-BLDG CIRC UG,HSART-07-090-23FPROD,,
EPdVx,MiVW,13341189,ARTSTUDI-140-01,DRAWING I,ART301,HSART-07-090-BLDG CIRC UG,HSART-07-090-23FPROD,,
ChfERHr,PMSsA,14481439,ARTSTUDI-140-01,DRAWING I,ART301,HSART-07-090-BLDG CIRC UG,HSART-07-090-23FPROD,,
wNPneOX,BRLmGKN,40354381,ARTSTUDI-140-01,DRAWING I,ART301,HSART-07-090-BLDG CIRC UG,HSART-07-090-23FPROD,,
KOWsNx,MtSijDh,09640510,ARTSTUDI-140-01,DRAWING I,ART301,HSART-07-090-BLDG CIRC UG,HSART-07-090-23FPROD,,
fzTgt,dcKal,41214360,ARTSTUDI-140-01,DRAWING I,ART301,HSART-07-090-BLDG CIRC UG,HSART-07-090-23FPROD,,
KIHL,szKcg,62963674,ARTSTUDI-140-01,DRAWING I,ART301,HSART-07-090-BLDG CIRC UG,HSART-07-090-23FPROD,,
DMMELE,fHTmjKbhA,24176718,ARTSTUDI-140-01,DRAWING I,ART301,HSART-07-090-BLDG CIRC UG,HSART-07-090-23FPROD,,
OvoMLoWQUU,mgiAoy,05923639,ARTSTUDI-140-01,DRAWING I,ART301,HSART-07-090-BLDG CIRC UG,HSART-07-090-23FPROD,,
pJZiKAk,nuSGJC,75842940,ARTSTUDI-140-01,DRAWING I,ART301,HSART-07-090-BLDG CIRC UG,HSART-07-090-23FPROD,,
HOASev,rRsrrpRF,79653361,ARTSTUDI-140-01,DRAWING I,ART301,HSART-07-090-BLDG CIRC UG,HSART-07-090-23FPROD,,
IjGkXGxfylYorTkv,GEZEMPuF,13543704,ARTSTUDI-140-01,DRAWING I,ART301,HSART-07-090-BLDG CIRC UG,HSART-07-090-23FPROD,,
PGRmX,tvTBE,75942863,ARTSTUDI-140-01,DRAWING I,ART301,HSART-07-090-BLDG CIRC UG,HSART-07-090-23FPROD,,
ewdJfn,SZqush,69833867,ARTSTUDI-140-01,DRAWING I,ART301,HSART-07-090-BLDG CIRC UG,HSART-07-090-23FPROD,,
AohdrvzovYpC,KaMoSW,69918390,ARTSTUDI-140-01,DRAWING I,ART301,HSART-07-090-BLDG CIRC UG,HSART-07-090-23FPROD,,
vJzkRo,SDzpMRr,50533943,ARTSTUDI-140-02,DRAWING I,ART301,HSART-07-090-BLDG CIRC UG,HSART-07-090-23FPROD,,
bwROywt,OncsV,56342843,ARTSTUDI-140-02,DRAWING I,ART301,HSART-07-090-BLDG CIRC UG,HSART-07-090-23FPROD,,
JrbG,oaNjwDiO,81726288,ARTSTUDI-140-02,DRAWING I,ART301,HSART-07-090-BLDG CIRC UG,HSART-07-090-23FPROD,,
aSvaXq,cYLwn,33979107,ARTSTUDI-140-02,DRAWING I,ART301,HSART-07-090-BLDG CIRC UG,HSART-07-090-23FPROD,,
rVmZAu,uZjs,54960603,ARTSTUDI-140-02,DRAWING I,ART301,HSART-07-090-BLDG CIRC UG,HSART-07-090-23FPROD,,
meJ,WaecAV,07693788,ARTSTUDI-140-02,DRAWING I,ART301,HSART-07-090-BLDG CIRC UG,HSART-07-090-23FPROD,,
bUlZEHd,kZasAQd,01843130,ARTSTUDI-140-02,DRAWING I,ART301,HSART-07-090-BLDG CIRC UG,HSART-07-090-23FPROD,,
oFTp,drhPc,15783053,ARTSTUDI-140-02,DRAWING I,ART301,HSART-07-090-BLDG CIRC UG,HSART-07-090-23FPROD,,
EDGkhFif,mSVVXe,80070254,ARTSTUDI-140-02,DRAWING I,ART301,HSART-07-090-BLDG CIRC UG,HSART-07-090-23FPROD,,
tx,rShPtLjl,29751348,ARTSTUDI-140-02,DRAWING I,ART301,HSART-07-090-BLDG CIRC UG,HSART-07-090-23FPROD,,
VEzL,xWiInl,36355155,ARTSTUDI-140-02,DRAWING I,ART301,HSART-07-090-BLDG CIRC UG,HSART-07-090-23FPROD,,
NrSk,GXZth,92330656,ARTSTUDI-140-02,DRAWING I,ART301,HSART-07-090-BLDG CIRC UG,HSART-07-090-23FPROD,,
mDiu,eYnOiZI,87357385,ARTSTUDI-140-02,DRAWING I,ART301,HSART-07-090-BLDG CIRC UG,HSART-07-090-23FPROD,,
VBZM,mcQZq,05064107,ARTSTUDI-140-02,DRAWING I,ART301,HSART-07-090-BLDG CIRC UG,HSART-07-090-23FPROD,,
aECxs,eUGLyeU,12917055,ARTSTUDI-140-02,DRAWING I,ART301,HSART-07-090-BLDG CIRC UG,HSART-07-090-23FPROD,,
zBibQ,fuCHC,46177928,ARTSTUDI-141-01,PLEIN AIR PAINTING NOW,ART220,HSART-07-090-BLDG CIRC UG,HSART-07-090-23FPROD,,
MkuMYe,MvSqeI,55389020,ARTSTUDI-141-01,PLEIN AIR PAINTING NOW,ART220,HSART-07-090-BLDG CIRC UG,HSART-07-090-23FPROD,,
uUzV,yZMJwhP,51277422,ARTSTUDI-141-01,PLEIN AIR PAINTING NOW,ART220,HSART-07-090-BLDG CIRC UG,HSART-07-090-23FPROD,,
gLkxKHrr,DXMTV,96909966,ARTSTUDI-141-01,PLEIN AIR PAINTING NOW,ART220,HSART-07-090-BLDG CIRC UG,HSART-07-090-23FPROD,,
DbWDnNSC,BlCGAvF,51950839,ARTSTUDI-141-01,PLEIN AIR PAINTING NOW,ART220,HSART-07-090-BLDG CIRC UG,HSART-07-090-23FPROD,,
sMxz,kCGKlz,90546545,ARTSTUDI-141-01,PLEIN AIR PAINTING NOW,ART220,HSART-07-090-BLDG CIRC UG,HSART-07-090-23FPROD,,
WtzSHu,cjrBhbWi,59014506,ARTSTUDI-141-01,PLEIN AIR PAINTING NOW,ART220,HSART-07-090-BLDG CIRC UG,HSART-07-090-23FPROD,,
dbEMoP,Awi,25513718,ARTSTUDI-141-01,PLEIN AIR PAINTING NOW,ART220,HSART-07-090-BLDG CIRC UG,HSART-07-090-23FPROD,,
TFBlQpH,aQhf,97646908,ARTSTUDI-141-01,PLEIN AIR PAINTING NOW,ART220,HSART-07-090-BLDG CIRC UG,HSART-07-090-23FPROD,,
SugzeiiW,RUhxg,32445741,ARTSTUDI-141-01,PLEIN AIR PAINTING NOW,ART220,HSART-07-090-BLDG CIRC UG,HSART-07-090-23FPROD,,
wa,aipZZV,88723567,ARTSTUDI-141-01,PLEIN AIR PAINTING NOW,ART220,HSART-07-090-BLDG CIRC UG,HSART-07-090-23FPROD,,
aBA,ZrZVSuUU,85192355,ARTSTUDI-141-01,PLEIN AIR PAINTING NOW,ART220,HSART-07-090-BLDG CIRC UG,HSART-07-090-23FPROD,,
bTmX,uMM,88990711,ARTSTUDI-141-01,PLEIN AIR PAINTING NOW,ART220,HSART-07-090-BLDG CIRC UG,HSART-07-090-23FPROD,,
daKF,aoOsge,67803363,ARTSTUDI-141-01,PLEIN AIR PAINTING NOW,ART220,HSART-07-090-BLDG CIRC UG,HSART-07-090-23FPROD,,
yemphg,QzxJY,23784153,ARTSTUDI-141-01,PLEIN AIR PAINTING NOW,ART220,HSART-07-090-BLDG CIRC UG,HSART-07-090-23FPROD,,
HZhlZXdgazA,OdjCkRN,27024024,ARTSTUDI-141-01,PLEIN AIR PAINTING NOW,ART220,HSART-07-090-BLDG CIRC UG,HSART-07-090-23FPROD,,
emjGxyNC,EPRoAfu,18626729,ARTSTUDI-141-01,PLEIN AIR PAINTING NOW,ART220,HSART-07-090-BLDG CIRC UG,HSART-07-090-23FPROD,,
OSVbt,ORHUQEUA,84782957,ARTSTUDI-141-01,PLEIN AIR PAINTING NOW,ART220,HSART-07-090-BLDG CIRC UG,HSART-07-090-23FPROD,,
oXIPuCmxI,ONzmbZJ,58984627,ARTHIST-144B-01,MODERN DESIGN FROM THE EIFFEL,ART350,HSART-07-090-BLDG CIRC UG,,,
JvQbDt,DGXPV,48551115,ARTHIST-144B-01,MODERN DESIGN FROM THE EIFFEL,ART350,HSART-07-090-BLDG CIRC UG,,,
gt,TCRI,27070225,ARTHIST-144B-01,MODERN DESIGN FROM THE EIFFEL,ART350,HSART-07-090-BLDG CIRC UG,,,
qHKbvkrB,PeRjbt,46280633,ARTHIST-144B-01,MODERN DESIGN FROM THE EIFFEL,ART350,HSART-07-090-BLDG CIRC UG,,,
fUdysXfMv,uhHB,24903142,ARTHIST-144B-01,MODERN DESIGN FROM THE EIFFEL,ART350,HSART-07-090-BLDG CIRC UG,,,
DpAC,khVLh,16820894,ARTHIST-144B-01,MODERN DESIGN FROM THE EIFFEL,ART350,HSART-07-090-BLDG CIRC UG,,,
UISpG,cZQZG,40411790,ARTHIST-144B-01,MODERN DESIGN FROM THE EIFFEL,ART350,HSART-07-090-BLDG CIRC UG,,,
nacYZKcl,ReyJssPk,89903169,ARTHIST-144B-01,MODERN DESIGN FROM THE EIFFEL,ART350,HSART-07-090-BLDG CIRC UG,,,
DgSJtM,tiNqojV,16945503,ARTHIST-144B-01,MODERN DESIGN FROM THE EIFFEL,ART350,HSART-07-090-BLDG CIRC UG,,,
kFzbraL,aXUO,00040810,ARTHIST-144B-01,MODERN DESIGN FROM THE EIFFEL,ART350,HSART-07-090-BLDG CIRC UG,,,
FnsYu,bvjP,56341204,ARTHIST-144B-01,MODERN DESIGN FROM THE EIFFEL,ART350,HSART-07-090-BLDG CIRC UG,,,
XZHuug,lGnKKO,99147690,ARTHIST-144B-01,MODERN DESIGN FROM THE EIFFEL,ART350,HSART-07-090-BLDG CIRC UG,,,
GtlNvd,jVet,60693528,ARTHIST-144B-01,MODERN DESIGN FROM THE EIFFEL,ART350,HSART-07-090-BLDG CIRC UG,,,
PVVw,Pjn,94766398,ARTHIST-144B-01,MODERN DESIGN FROM THE EIFFEL,ART350,HSART-07-090-BLDG CIRC UG,,,
EljmhLQiLB,iMJQapW,10585996,ARTHIST-144B-01,MODERN DESIGN FROM THE EIFFEL,ART350,HSART-07-090-BLDG CIRC UG,,,
zgQuTc,DzrOI,67435963,ARTHIST-144B-01,MODERN DESIGN FROM THE EIFFEL,ART350,HSART-07-090-BLDG CIRC UG,,,
HcSczz,xsCgL,37136424,ARTHIST-144B-02,MODERN DESIGN FROM THE EIFFEL,,,,,
HPzIrffQ,XcXEqVky,14601924,ARTHIST-144B-02,MODERN DESIGN FROM THE EIFFEL,,,,,
KgeDZw,MhckJFn,86536499,ARTHIST-144B-02,MODERN DESIGN FROM THE EIFFEL,,,,,
TPMnEJB,ldJQ,58929059,ARTHIST-144B-02,MODERN DESIGN FROM THE EIFFEL,,,,,
vwrZ,XCM,25342627,ARTHIST-144B-02,MODERN DESIGN FROM THE EIFFEL,,,,,
dbXjjtpedi,CCuaquq,58919811,ARTHIST-144B-02,MODERN DESIGN FROM THE EIFFEL,,,,,
ADZbJOkZoicXBYT,VKySLY,91537622,ARTSTUDI-145-01,PAINTING I,ART307,HSART-07-090-BLDG CIRC UG,HSART-07-090-23FPROD,,
cTsZM,SidaI,47594179,ARTSTUDI-145-01,PAINTING I,ART307,HSART-07-090-BLDG CIRC UG,HSART-07-090-23FPROD,,
oAtrFK,lRHHK,57652499,ARTSTUDI-145-01,PAINTING I,ART307,HSART-07-090-BLDG CIRC UG,HSART-07-090-23FPROD,,
NYSK,NoG,38523713,ARTSTUDI-145-01,PAINTING I,ART307,HSART-07-090-BLDG CIRC UG,HSART-07-090-23FPROD,,
vexxP,sfqVEDYxe,76225148,ARTSTUDI-145-01,PAINTING I,ART307,HSART-07-090-BLDG CIRC UG,HSART-07-090-23FPROD,,
BHeRQkBo,ikGa,77674011,ARTSTUDI-145-01,PAINTING I,ART307,HSART-07-090-BLDG CIRC UG,HSART-07-090-23FPROD,,
RaDi,PkjK,27739083,ARTSTUDI-145-01,PAINTING I,ART307,HSART-07-090-BLDG CIRC UG,HSART-07-090-23FPROD,,
eila,aIcAhMw,97430156,ARTSTUDI-145-01,PAINTING I,ART307,HSART-07-090-BLDG CIRC UG,HSART-07-090-23FPROD,,
rtOaIEHq,ntHdpHx,65524172,ARTSTUDI-145-01,PAINTING I,ART307,HSART-07-090-BLDG CIRC UG,HSART-07-090-23FPROD,,
EdsozBAv,hsI,74616976,ARTSTUDI-145-01,PAINTING I,ART307,HSART-07-090-BLDG CIRC UG,HSART-07-090-23FPROD,,
wVTjc,ulHai,63221197,ARTSTUDI-145-01,PAINTING I,ART307,HSART-07-090-BLDG CIRC UG,HSART-07-090-23FPROD,,
HvbpXfsK,HzHq,87124207,ARTSTUDI-145-01,PAINTING I,ART307,HSART-07-090-BLDG CIRC UG,HSART-07-090-23FPROD,,
gghJu,iDQvKnr,53443141,ARTSTUDI-145-01,PAINTING I,ART307,HSART-07-090-BLDG CIRC UG,HSART-07-090-23FPROD,,
jMDQEr,WhXfzBwE,43001602,ARTSTUDI-145-01,PAINTING I,ART307,HSART-07-090-BLDG CIRC UG,HSART-07-090-23FPROD,,
NRPUMv,TwTyn,80175080,ARTSTUDI-145-01,PAINTING I,ART307,HSART-07-090-BLDG CIRC UG,HSART-07-090-23FPROD,,
rTVsKdp,anEJk,42092388,ARTSTUDI-145-01,PAINTING I,ART307,HSART-07-090-BLDG CIRC UG,HSART-07-090-23FPROD,,
AhzA,usvootsMLtQ,17215053,ARTSTUDI-145-02,PAINTING I,ART307,HSART-07-090-BLDG CIRC UG,HSART-07-090-23FPROD,,
dCrE,GdjMtbs,79404256,ARTSTUDI-145-02,PAINTING I,ART307,HSART-07-090-BLDG CIRC UG,HSART-07-090-23FPROD,,
FNptbj,Ljnu,05197053,ARTSTUDI-145-02,PAINTING I,ART307,HSART-07-090-BLDG CIRC UG,HSART-07-090-23FPROD,,
NjIhFzumdMIQYHH,uAZQkkR,71404437,ARTSTUDI-145-02,PAINTING I,ART307,HSART-07-090-BLDG CIRC UG,HSART-07-090-23FPROD,,
hifVY,HAXQeBF,26463615,ARTSTUDI-145-02,PAINTING I,ART307,HSART-07-090-BLDG CIRC UG,HSART-07-090-23FPROD,,
KuqEdc,UaWTUC,02200370,ARTSTUDI-145-02,PAINTING I,ART307,HSART-07-090-BLDG CIRC UG,HSART-07-090-23FPROD,,
MDPbBef,OPhBNsF,80752696,ARTSTUDI-145-02,PAINTING I,ART307,HSART-07-090-BLDG CIRC UG,HSART-07-090-23FPROD,,
QccmPbke,IwuuHzhP,39764333,ARTSTUDI-145-02,PAINTING I,ART307,HSART-07-090-BLDG CIRC UG,HSART-07-090-23FPROD,,
ErfQvL,XgZZg,68496030,ARTSTUDI-145-02,PAINTING I,ART307,HSART-07-090-BLDG CIRC UG,HSART-07-090-23FPROD,,
lbAt,vtlvB,38886120,ARTSTUDI-145-02,PAINTING I,ART307,HSART-07-090-BLDG CIRC UG,HSART-07-090-23FPROD,,
bCmIDVr,fhECw,95053739,ARTSTUDI-145-02,PAINTING I,ART307,HSART-07-090-BLDG CIRC UG,HSART-07-090-23FPROD,,
otUS,oLz,87957487,ARTSTUDI-145-02,PAINTING I,ART307,HSART-07-090-BLDG CIRC UG,HSART-07-090-23FPROD,,
EybQPEcU,LreLh,77321640,ARTSTUDI-145-02,PAINTING I,ART307,HSART-07-090-BLDG CIRC UG,HSART-07-090-23FPROD,,
rLuSc,PoDNg,90367996,ARTSTUDI-145-02,PAINTING I,ART307,HSART-07-090-BLDG CIRC UG,HSART-07-090-23FPROD,,
zHygHhoW,FZBHxMtB,97686670,ARTSTUDI-145-02,PAINTING I,ART307,HSART-07-090-BLDG CIRC UG,HSART-07-090-23FPROD,,
mhARQbU,ldkyxiDN,90332890,ARTSTUDI-145-02,PAINTING I,ART307,HSART-07-090-BLDG CIRC UG,HSART-07-090-23FPROD,,
luecztf,yPzxVrGJ,87488268,ARTSTUDI-145-02,PAINTING I,ART307,HSART-07-090-BLDG CIRC UG,HSART-07-090-23FPROD,,
OtAYCIb,aqbgPD,53056868,ARTSTUDI-147-01,ART BOOK OBJECT,ART120,HSART-07-090-BLDG CIRC UG,HSART-07-090-1FPROD,,
AHdgP,brtoy,73507416,ARTSTUDI-147-01,ART BOOK OBJECT,ART120,HSART-07-090-BLDG CIRC UG,HSART-07-090-1FPROD,,
fPcXN,THdJC,92539979,ARTSTUDI-147-01,ART BOOK OBJECT,ART120,HSART-07-090-BLDG CIRC UG,HSART-07-090-1FPROD,,
hNFfCHdn,YdyVGo,18971799,ARTSTUDI-147-01,ART BOOK OBJECT,ART120,HSART-07-090-BLDG CIRC UG,HSART-07-090-1FPROD,,
NRwZssw,hCoKpzY,02116332,ARTSTUDI-147-01,ART BOOK OBJECT,ART120,HSART-07-090-BLDG CIRC UG,HSART-07-090-1FPROD,,
joiuMe,PPrXoTeS,03400625,ARTSTUDI-147-01,ART BOOK OBJECT,ART120,HSART-07-090-BLDG CIRC UG,HSART-07-090-1FPROD,,
ls,bzArA,96737357,ARTSTUDI-147-01,ART BOOK OBJECT,ART120,HSART-07-090-BLDG CIRC UG,HSART-07-090-1FPROD,,
UTlsFl,azUXv,36648290,ARTSTUDI-147-01,ART BOOK OBJECT,ART120,HSART-07-090-BLDG CIRC UG,HSART-07-090-1FPROD,,
JpWeuJxJGOW,FpgzNgS,23459280,ARTSTUDI-147-01,ART BOOK OBJECT,ART120,HSART-07-090-BLDG CIRC UG,HSART-07-090-1FPROD,,
hDMYDk,ZfyVrQEvr,12265123,ARTSTUDI-147-01,ART BOOK OBJECT,ART120,HSART-07-090-BLDG CIRC UG,HSART-07-090-1FPROD,,
BTeAx,iqCmFd,84655741,ARTSTUDI-147-01,ART BOOK OBJECT,ART120,HSART-07-090-BLDG CIRC UG,HSART-07-090-1FPROD,,
wCCyefU,rLH,81704535,ARTSTUDI-147-01,ART BOOK OBJECT,ART120,HSART-07-090-BLDG CIRC UG,HSART-07-090-1FPROD,,
xXazgJ,AbZDI,49113314,ARTSTUDI-147-01,ART BOOK OBJECT,ART120,HSART-07-090-BLDG CIRC UG,HSART-07-090-1FPROD,,
HAsR,gogwc,54131243,ARTSTUDI-147-01,ART BOOK OBJECT,ART120,HSART-07-090-BLDG CIRC UG,HSART-07-090-1FPROD,,
osyXj,SONHYwd,72374084,ARTSTUDI-147-01,ART BOOK OBJECT,ART120,HSART-07-090-BLDG CIRC UG,HSART-07-090-1FPROD,,
bubpD,YFamyU,12155327,ARTSTUDI-147-01,ART BOOK OBJECT,ART120,HSART-07-090-BLDG CIRC UG,HSART-07-090-1FPROD,,
FvAEu,tWleWJ,85799098,ARTSTUDI-147-01,ART BOOK OBJECT,ART120,HSART-07-090-BLDG CIRC UG,HSART-07-090-1FPROD,,
EuNRlg,WycmMiO,29279662,FILMSTUD-147-01,IBERIAN AND LATIN AMERICAN EXP,ART350,HSART-07-090-BLDG CIRC UG,,ART360,
LErZkfBH,iDcShD,89884878,FILMSTUD-147-01,IBERIAN AND LATIN AMERICAN EXP,ART350,HSART-07-090-BLDG CIRC UG,,ART360,
QGAJ,Pzxf,10587784,ARTSTUDI-148A-01,LITHOGRAPHY,ART120,HSART-07-090-BLDG CIRC UG,HSART-07-090-1FPROD,,
PRaap,oteO,81788755,ARTSTUDI-148A-01,LITHOGRAPHY,ART120,HSART-07-090-BLDG CIRC UG,HSART-07-090-1FPROD,,
jsYGAbfHN,VmTsr,76995921,ARTSTUDI-148A-01,LITHOGRAPHY,ART120,HSART-07-090-BLDG CIRC UG,HSART-07-090-1FPROD,,
FZBwZG,xgdewXOTY,69840848,ARTSTUDI-148A-01,LITHOGRAPHY,ART120,HSART-07-090-BLDG CIRC UG,HSART-07-090-1FPROD,,
LtMpWlJk,oVgsc,08572448,ARTSTUDI-148A-01,LITHOGRAPHY,ART120,HSART-07-090-BLDG CIRC UG,HSART-07-090-1FPROD,,
sYAd,Vdwbjq,52070723,ARTSTUDI-148A-01,LITHOGRAPHY,ART120,HSART-07-090-BLDG CIRC UG,HSART-07-090-1FPROD,,
hDSesrl,Bykbf,71324598,ARTSTUDI-148A-01,LITHOGRAPHY,ART120,HSART-07-090-BLDG CIRC UG,HSART-07-090-1FPROD,,
UFzQrGc,WqVZiwG,91852718,ARTSTUDI-148A-01,LITHOGRAPHY,ART120,HSART-07-090-BLDG CIRC UG,HSART-07-090-1FPROD,,
VciI,CBMnqF,77342127,ARTSTUDI-148A-01,LITHOGRAPHY,ART120,HSART-07-090-BLDG CIRC UG,HSART-07-090-1FPROD,,
ZAIBXZ,YvhyE,41508261,ARTSTUDI-148A-01,LITHOGRAPHY,ART120,HSART-07-090-BLDG CIRC UG,HSART-07-090-1FPROD,,
YWQsobbj,hddasTSR,75963511,ARTHIST-152-01,THE AMERICAN WEST,OSHMAN,HSART-07-090-BLDG CIRC UG,,,
Mr,jmIm,46483356,ARTHIST-152-01,THE AMERICAN WEST,OSHMAN,HSART-07-090-BLDG CIRC UG,,,
SfJun,agxqUbZa,84956920,ARTHIST-152-01,THE AMERICAN WEST,OSHMAN,HSART-07-090-BLDG CIRC UG,,,
iWvXpx,xYxg,06687626,ARTHIST-152-01,THE AMERICAN WEST,OSHMAN,HSART-07-090-BLDG CIRC UG,,,
CypRUV,JUSVC,41879469,ARTHIST-152-01,THE AMERICAN WEST,OSHMAN,HSART-07-090-BLDG CIRC UG,,,
jXUeT,wlDdvn,11836363,ARTHIST-152-01,THE AMERICAN WEST,OSHMAN,HSART-07-090-BLDG CIRC UG,,,
ugQSmVR,ddiR,04111580,ARTHIST-152-01,THE AMERICAN WEST,OSHMAN,HSART-07-090-BLDG CIRC UG,,,
PvzwtHqD,jMrPpTUP,71653891,ARTHIST-152-01,THE AMERICAN WEST,OSHMAN,HSART-07-090-BLDG CIRC UG,,,
hrSOmBxw,NLiZvbSsirhySCMRl,79250402,ARTHIST-152-01,THE AMERICAN WEST,OSHMAN,HSART-07-090-BLDG CIRC UG,,,
qujjuILhQX,COtTFOXeP,41919489,ARTHIST-152-01,THE AMERICAN WEST,OSHMAN,HSART-07-090-BLDG CIRC UG,,,
ZyNWO,iicB,71998996,ARTHIST-152-01,THE AMERICAN WEST,OSHMAN,HSART-07-090-BLDG CIRC UG,,,
wSNHWkGdYNE,Aknb,27621265,ARTHIST-152-01,THE AMERICAN WEST,OSHMAN,HSART-07-090-BLDG CIRC UG,,,
ZYcXkz,Vyzej,17009981,ARTHIST-152-01,THE AMERICAN WEST,OSHMAN,HSART-07-090-BLDG CIRC UG,,,
iqInO,ajvAx,95812279,ARTHIST-152-01,THE AMERICAN WEST,OSHMAN,HSART-07-090-BLDG CIRC UG,,,
jbvgf,aswvjyZF,76265144,ARTHIST-152-01,THE AMERICAN WEST,OSHMAN,HSART-07-090-BLDG CIRC UG,,,
OKOITjT,pcs,31502843,ARTSTUDI-155-01,SOCIAL SCULPTURE,ART130,HSART-07-090-BLDG CIRC UG,HSART-07-090-1FPROD,,
ISdRMy,NymzmG,89571728,ARTSTUDI-155-01,SOCIAL SCULPTURE,ART130,HSART-07-090-BLDG CIRC UG,HSART-07-090-1FPROD,,
AQokFYm,NxMP,70877056,ARTSTUDI-155-01,SOCIAL SCULPTURE,ART130,HSART-07-090-BLDG CIRC UG,HSART-07-090-1FPROD,,
VHYXd,aReSGcA,82563908,ARTSTUDI-155-01,SOCIAL SCULPTURE,ART130,HSART-07-090-BLDG CIRC UG,HSART-07-090-1FPROD,,
YzECkWnQ,iQYTyR,26304435,ARTSTUDI-156Q-01,INSTALLATION ART,ART130,HSART-07-090-BLDG CIRC UG,HSART-07-090-1FPROD,,
Kyzi,YcjvqL,01990358,ARTSTUDI-156Q-01,INSTALLATION ART,ART130,HSART-07-090-BLDG CIRC UG,HSART-07-090-1FPROD,,
Jzbqh,siuDxPkg,74330749,ARTSTUDI-156Q-01,INSTALLATION ART,ART130,HSART-07-090-BLDG CIRC UG,HSART-07-090-1FPROD,,
pIcuJ,JrPXuEY,17063156,ARTSTUDI-156Q-01,INSTALLATION ART,ART130,HSART-07-090-BLDG CIRC UG,HSART-07-090-1FPROD,,
DZiCyqOiFuk,wKrLIY,25452471,ARTSTUDI-156Q-01,INSTALLATION ART,ART130,HSART-07-090-BLDG CIRC UG,HSART-07-090-1FPROD,,
HyKkRGs,mtLlWC,22452082,ARTSTUDI-156Q-01,INSTALLATION ART,ART130,HSART-07-090-BLDG CIRC UG,HSART-07-090-1FPROD,,
cscLmo,QvmW,10824014,ARTSTUDI-156Q-01,INSTALLATION ART,ART130,HSART-07-090-BLDG CIRC UG,HSART-07-090-1FPROD,,
FSFtbISZGQaAkwj,mE,49624599,ARTSTUDI-156Q-01,INSTALLATION ART,ART130,HSART-07-090-BLDG CIRC UG,HSART-07-090-1FPROD,,
ZdsolzyzLL,YfVkuff,79097652,ARTSTUDI-160-01,INTRO TO DIGITAL/ PHYSICAL,ARTM120,HSART-07-090-BLDG CIRC UG,HSART-07-090-DESIGN,,
tVfJHZ,LykN,28417945,ARTSTUDI-160-01,INTRO TO DIGITAL/ PHYSICAL,ARTM120,HSART-07-090-BLDG CIRC UG,HSART-07-090-DESIGN,,
RloYsQ,DNAUlC,62744576,ARTSTUDI-160-01,INTRO TO DIGITAL/ PHYSICAL,ARTM120,HSART-07-090-BLDG CIRC UG,HSART-07-090-DESIGN,,
OkhEzy,vUx,73036828,ARTSTUDI-160-01,INTRO TO DIGITAL/ PHYSICAL,ARTM120,HSART-07-090-BLDG CIRC UG,HSART-07-090-DESIGN,,
snGF,XWLm,44191765,ARTSTUDI-160-01,INTRO TO DIGITAL/ PHYSICAL,ARTM120,HSART-07-090-BLDG CIRC UG,HSART-07-090-DESIGN,,
vTmK,tJkz,83979759,ARTSTUDI-160-01,INTRO TO DIGITAL/ PHYSICAL,ARTM120,HSART-07-090-BLDG CIRC UG,HSART-07-090-DESIGN,,
udp,VcOWVOF,67600805,ARTSTUDI-160-01,INTRO TO DIGITAL/ PHYSICAL,ARTM120,HSART-07-090-BLDG CIRC UG,HSART-07-090-DESIGN,,
qJX,OUsz,83308630,ARTSTUDI-160-01,INTRO TO DIGITAL/ PHYSICAL,ARTM120,HSART-07-090-BLDG CIRC UG,HSART-07-090-DESIGN,,
eJxx,fxZdbx,69250786,ARTSTUDI-160-01,INTRO TO DIGITAL/ PHYSICAL,ARTM120,HSART-07-090-BLDG CIRC UG,HSART-07-090-DESIGN,,
QOJYfM,PGLqkTi,99922186,ARTSTUDI-160-01,INTRO TO DIGITAL/ PHYSICAL,ARTM120,HSART-07-090-BLDG CIRC UG,HSART-07-090-DESIGN,,
bqG,HMZI,05226399,ARTSTUDI-160-01,INTRO TO DIGITAL/ PHYSICAL,ARTM120,HSART-07-090-BLDG CIRC UG,HSART-07-090-DESIGN,,
pXLLzp,dayV,39359114,ARTSTUDI-160-01,INTRO TO DIGITAL/ PHYSICAL,ARTM120,HSART-07-090-BLDG CIRC UG,HSART-07-090-DESIGN,,
GU,dgTlQHUk,68662065,ARTSTUDI-160-01,INTRO TO DIGITAL/ PHYSICAL,ARTM120,HSART-07-090-BLDG CIRC UG,HSART-07-090-DESIGN,,
nDQDwNzE,UXoED,14537356,ARTSTUDI-160-01,INTRO TO DIGITAL/ PHYSICAL,ARTM120,HSART-07-090-BLDG CIRC UG,HSART-07-090-DESIGN,,
VMkJgSV,RjpHu,31670304,ARTSTUDI-160-01,INTRO TO DIGITAL/ PHYSICAL,ARTM120,HSART-07-090-BLDG CIRC UG,HSART-07-090-DESIGN,,
KSYXn,yLVlP,95707961,ARTSTUDI-160-01,INTRO TO DIGITAL/ PHYSICAL,ARTM120,HSART-07-090-BLDG CIRC UG,HSART-07-090-DESIGN,,
FOHw,WxcKU,33055304,ARTSTUDI-160-01,INTRO TO DIGITAL/ PHYSICAL,ARTM120,HSART-07-090-BLDG CIRC UG,HSART-07-090-DESIGN,,
IMMI,lkwicCggi,66545226,ARTSTUDI-163-01,DRAWING WITH CODE,ARTGAL110,HSART-07-090-BLDG CIRC UG,HSART-03-001-PROTOTYPE,,
BbImT,wRxu,90032704,ARTSTUDI-163-01,DRAWING WITH CODE,ARTGAL110,HSART-07-090-BLDG CIRC UG,HSART-03-001-PROTOTYPE,,
DCejYX,fFzuQ,17851857,ARTSTUDI-163-01,DRAWING WITH CODE,ARTGAL110,HSART-07-090-BLDG CIRC UG,HSART-03-001-PROTOTYPE,,
mvCJ,PwAw,87590407,ARTSTUDI-163-01,DRAWING WITH CODE,ARTGAL110,HSART-07-090-BLDG CIRC UG,HSART-03-001-PROTOTYPE,,
vkK,CUwwODCS,89994070,ARTSTUDI-163-01,DRAWING WITH CODE,ARTGAL110,HSART-07-090-BLDG CIRC UG,HSART-03-001-PROTOTYPE,,
NypyYQA,nmzfLNH,69717499,ARTSTUDI-163-01,DRAWING WITH CODE,ARTGAL110,HSART-07-090-BLDG CIRC UG,HSART-03-001-PROTOTYPE,,
swaGeKgl,sxw,52606640,ARTSTUDI-163-01,DRAWING WITH CODE,ARTGAL110,HSART-07-090-BLDG CIRC UG,HSART-03-001-PROTOTYPE,,
rvTZsLE,yiLgv,60840648,ARTSTUDI-163-01,DRAWING WITH CODE,ARTGAL110,HSART-07-090-BLDG CIRC UG,HSART-03-001-PROTOTYPE,,
EbsWc,zHBWZjm,44467002,ARTSTUDI-163-01,DRAWING WITH CODE,ARTGAL110,HSART-07-090-BLDG CIRC UG,HSART-03-001-PROTOTYPE,,
XpQS,VZkr,85688194,ARTSTUDI-163-01,DRAWING WITH CODE,ARTGAL110,HSART-07-090-BLDG CIRC UG,HSART-03-001-PROTOTYPE,,
PTSBFVMXTsBZI,tDgwlbr,22693542,ARTSTUDI-163-01,DRAWING WITH CODE,ARTGAL110,HSART-07-090-BLDG CIRC UG,HSART-03-001-PROTOTYPE,,
BBefZYn,ZTtIF,01520590,ARTSTUDI-163-01,DRAWING WITH CODE,ARTGAL110,HSART-07-090-BLDG CIRC UG,HSART-03-001-PROTOTYPE,,
nUIkb,ydtDcdaGTyW,28250611,ARTSTUDI-163-01,DRAWING WITH CODE,ARTGAL110,HSART-07-090-BLDG CIRC UG,HSART-03-001-PROTOTYPE,,
MWmzzC,dVBht,77354068,ARTSTUDI-163-01,DRAWING WITH CODE,ARTGAL110,HSART-07-090-BLDG CIRC UG,HSART-03-001-PROTOTYPE,,
djiFd,fgOpa,49274705,ARTSTUDI-163-01,DRAWING WITH CODE,ARTGAL110,HSART-07-090-BLDG CIRC UG,HSART-03-001-PROTOTYPE,,
gMCRZ,Jsrbarw,61329091,ARTSTUDI-163-01,DRAWING WITH CODE,ARTGAL110,HSART-07-090-BLDG CIRC UG,HSART-03-001-PROTOTYPE,,
eDk,AHXjzoLYPB,08317607,ARTSTUDI-163-01,DRAWING WITH CODE,ARTGAL110,HSART-07-090-BLDG CIRC UG,HSART-03-001-PROTOTYPE,,
IqppcP,wjpJp,62173244,ARTSTUDI-163-01,DRAWING WITH CODE,ARTGAL110,HSART-07-090-BLDG CIRC UG,HSART-03-001-PROTOTYPE,,
wy,klKAw,00170626,ARTSTUDI-167-01,INTRODUCTION TO ANIMATION,ART011C,HSART-07-090-BLDG CIRC UG,,,
ycxGpPp,qPoiMRmE,04501810,ARTSTUDI-167-01,INTRODUCTION TO ANIMATION,ART011C,HSART-07-090-BLDG CIRC UG,,,
XtZxy,XbNOY,19944251,ARTSTUDI-167-01,INTRODUCTION TO ANIMATION,ART011C,HSART-07-090-BLDG CIRC UG,,,
vJB,njutJqSOW,27228351,ARTSTUDI-167-01,INTRODUCTION TO ANIMATION,ART011C,HSART-07-090-BLDG CIRC UG,,,
jemxy,VuMv,78313617,ARTSTUDI-167-01,INTRODUCTION TO ANIMATION,ART011C,HSART-07-090-BLDG CIRC UG,,,
xa,SUGiLZOw,36858148,ARTSTUDI-167-01,INTRODUCTION TO ANIMATION,ART011C,HSART-07-090-BLDG CIRC UG,,,
NA,qJKf,31913470,ARTSTUDI-167-01,INTRODUCTION TO ANIMATION,ART011C,HSART-07-090-BLDG CIRC UG,,,
Ky,dHh,53504661,ARTSTUDI-167-01,INTRODUCTION TO ANIMATION,ART011C,HSART-07-090-BLDG CIRC UG,,,
AGbi,CKSxCLf,49957589,ARTSTUDI-167-01,INTRODUCTION TO ANIMATION,ART011C,HSART-07-090-BLDG CIRC UG,,,
xDKDgwS,FqOwNO,53530265,ARTSTUDI-167-01,INTRODUCTION TO ANIMATION,ART011C,HSART-07-090-BLDG CIRC UG,,,
utsjU,HnWijzxkh,32625850,ARTSTUDI-167-01,INTRODUCTION TO ANIMATION,ART011C,HSART-07-090-BLDG CIRC UG,,,
GOmQiEzE,lrHZWVZk,02953933,ARTSTUDI-167-01,INTRODUCTION TO ANIMATION,ART011C,HSART-07-090-BLDG CIRC UG,,,
lSKnGG,MJBYUSm,90309549,ARTSTUDI-167-01,INTRODUCTION TO ANIMATION,ART011C,HSART-07-090-BLDG CIRC UG,,,
cTHUt,Epgoco,94240078,ARTSTUDI-167-01,INTRODUCTION TO ANIMATION,ART011C,HSART-07-090-BLDG CIRC UG,,,
pSViPqm,XRPjwy,49445998,ARTSTUDI-167-01,INTRODUCTION TO ANIMATION,ART011C,HSART-07-090-BLDG CIRC UG,,,
TaUHfJY,iwkUPz,24233760,ARTSTUDI-170-01,INTRO TO PHOTOGRAPHY,ART007,HSART-07-090-BLDG CIRC UG,,,
vLTgHeA,tYIEj,56880854,ARTSTUDI-170-01,INTRO TO PHOTOGRAPHY,ART007,HSART-07-090-BLDG CIRC UG,,,
pawZieS,VVLsRYB,29137324,ARTSTUDI-170-01,INTRO TO PHOTOGRAPHY,ART007,HSART-07-090-BLDG CIRC UG,,,
BOriEOmr,OoTKiNpGz,07200168,ARTSTUDI-170-01,INTRO TO PHOTOGRAPHY,ART007,HSART-07-090-BLDG CIRC UG,,,
JfKBRN,mCDv,08265861,ARTSTUDI-170-01,INTRO TO PHOTOGRAPHY,ART007,HSART-07-090-BLDG CIRC UG,,,
yikBeY,uIDe,90214972,ARTSTUDI-170-01,INTRO TO PHOTOGRAPHY,ART007,HSART-07-090-BLDG CIRC UG,,,
mHODni,xrOtr,01273309,ARTSTUDI-170-01,INTRO TO PHOTOGRAPHY,ART007,HSART-07-090-BLDG CIRC UG,,,
CxQjB,DsDqswHw,39639988,ARTSTUDI-170-01,INTRO TO PHOTOGRAPHY,ART007,HSART-07-090-BLDG CIRC UG,,,
lDt,XmqmvG,15316674,ARTSTUDI-170-01,INTRO TO PHOTOGRAPHY,ART007,HSART-07-090-BLDG CIRC UG,,,
nUzt,OPHZAG,12638865,ARTSTUDI-170-01,INTRO TO PHOTOGRAPHY,ART007,HSART-07-090-BLDG CIRC UG,,,
Pi,khyiy,24680267,ARTSTUDI-170-01,INTRO TO PHOTOGRAPHY,ART007,HSART-07-090-BLDG CIRC UG,,,
SijdRJvomvcM,noMs,81306806,ARTSTUDI-170-01,INTRO TO PHOTOGRAPHY,ART007,HSART-07-090-BLDG CIRC UG,,,
eoXDRii,idhDkNV,20777060,ARTSTUDI-170-01,INTRO TO PHOTOGRAPHY,ART007,HSART-07-090-BLDG CIRC UG,,,
hFBBnuUwUCV,txSc,34155730,ARTSTUDI-170-01,INTRO TO PHOTOGRAPHY,ART007,HSART-07-090-BLDG CIRC UG,,,
yIJgTWOrFEt,kZmquE,51335739,ARTSTUDI-170-01,INTRO TO PHOTOGRAPHY,ART007,HSART-07-090-BLDG CIRC UG,,,
WREn,QuioLdN,37409606,ARTSTUDI-170-01,INTRO TO PHOTOGRAPHY,ART007,HSART-07-090-BLDG CIRC UG,,,
rYaKu,ReFSr,04903794,ARTSTUDI-170-02,INTRO TO PHOTOGRAPHY,ART007,HSART-07-090-BLDG CIRC UG,,,
rZns,Yyaznm,72862517,ARTSTUDI-170-02,INTRO TO PHOTOGRAPHY,ART007,HSART-07-090-BLDG CIRC UG,,,
zXKHJpHu,JmsrdM,37389130,ARTSTUDI-170-02,INTRO TO PHOTOGRAPHY,ART007,HSART-07-090-BLDG CIRC UG,,,
LYjk,AKQXjtY,05868668,ARTSTUDI-170-02,INTRO TO PHOTOGRAPHY,ART007,HSART-07-090-BLDG CIRC UG,,,
GIVJFn,mlOKH,20656323,ARTSTUDI-170-02,INTRO TO PHOTOGRAPHY,ART007,HSART-07-090-BLDG CIRC UG,,,
bHvzeWg,mBnyZ,12008202,ARTSTUDI-170-02,INTRO TO PHOTOGRAPHY,ART007,HSART-07-090-BLDG CIRC UG,,,
dLu,lvGeyd,06601022,ARTSTUDI-170-02,INTRO TO PHOTOGRAPHY,ART007,HSART-07-090-BLDG CIRC UG,,,
OlTzVF,BKeHCf,49978686,ARTSTUDI-170-02,INTRO TO PHOTOGRAPHY,ART007,HSART-07-090-BLDG CIRC UG,,,
NupUku,TBTyvWW,40090753,ARTSTUDI-170-02,INTRO TO PHOTOGRAPHY,ART007,HSART-07-090-BLDG CIRC UG,,,
gRYYm,UYhzg,12948151,ARTSTUDI-170-02,INTRO TO PHOTOGRAPHY,ART007,HSART-07-090-BLDG CIRC UG,,,
OHJObK,aZEQ,31948151,ARTSTUDI-170-02,INTRO TO PHOTOGRAPHY,ART007,HSART-07-090-BLDG CIRC UG,,,
tZqAtUgsu,PFxLlxH,04023768,ARTSTUDI-170-02,INTRO TO PHOTOGRAPHY,ART007,HSART-07-090-BLDG CIRC UG,,,
ohiiLVwAR,lIONU,17012549,ARTSTUDI-170-02,INTRO TO PHOTOGRAPHY,ART007,HSART-07-090-BLDG CIRC UG,,,
ySlfWEe,rVcLeeo,50874352,ARTSTUDI-170-02,INTRO TO PHOTOGRAPHY,ART007,HSART-07-090-BLDG CIRC UG,,,
bzNxeEhS,mkOw,00317212,ARTSTUDI-170-02,INTRO TO PHOTOGRAPHY,ART007,HSART-07-090-BLDG CIRC UG,,,
byqgDP,ZMqtgMeJ,95902023,ARTSTUDI-170-02,INTRO TO PHOTOGRAPHY,ART007,HSART-07-090-BLDG CIRC UG,,,
xjfpC,lAJEh,50506302,ARTSTUDI-170-02,INTRO TO PHOTOGRAPHY,ART007,HSART-07-090-BLDG CIRC UG,,,
PCZct,hEjWKld,35643356,ARTSTUDI-170-02,INTRO TO PHOTOGRAPHY,ART007,HSART-07-090-BLDG CIRC UG,,,
LVHscxZ,CEBoavB,45547212,ARTSTUDI-170-02,INTRO TO PHOTOGRAPHY,ART007,HSART-07-090-BLDG CIRC UG,,,
rH,SxpJA,33793252,ARTSTUDI-170-03,PHOTOGRAPHY I: BLACK AND WHITE,ART007,HSART-07-090-BLDG CIRC UG,,,
hwPD,yntvZ,64418125,ARTSTUDI-170-03,PHOTOGRAPHY I: BLACK AND WHITE,ART007,HSART-07-090-BLDG CIRC UG,,,
nPrARB,xDBaxcm,70886473,ARTSTUDI-170-03,PHOTOGRAPHY I: BLACK AND WHITE,ART007,HSART-07-090-BLDG CIRC UG,,,
SPUGFRt,baalo,91070092,ARTSTUDI-170-03,PHOTOGRAPHY I: BLACK AND WHITE,ART007,HSART-07-090-BLDG CIRC UG,,,
sKvMmWWiX,GdiEIe,62162154,ARTSTUDI-170-03,PHOTOGRAPHY I: BLACK AND WHITE,ART007,HSART-07-090-BLDG CIRC UG,,,
bARYqM,ckiOw,94652759,ARTSTUDI-170-03,PHOTOGRAPHY I: BLACK AND WHITE,ART007,HSART-07-090-BLDG CIRC UG,,,
uczEenoK,cJpFI,35196754,ARTSTUDI-170-03,PHOTOGRAPHY I: BLACK AND WHITE,ART007,HSART-07-090-BLDG CIRC UG,,,
bElPQ,uWULObeU,21394466,ARTSTUDI-170-03,PHOTOGRAPHY I: BLACK AND WHITE,ART007,HSART-07-090-BLDG CIRC UG,,,
getTHn,RSd,80646569,ARTSTUDI-170-03,PHOTOGRAPHY I: BLACK AND WHITE,ART007,HSART-07-090-BLDG CIRC UG,,,
UGSOME,uhfNJr,61105031,ARTSTUDI-170-03,PHOTOGRAPHY I: BLACK AND WHITE,ART007,HSART-07-090-BLDG CIRC UG,,,
zDpZwVs,XqKVtt,62652619,ARTSTUDI-170-03,PHOTOGRAPHY I: BLACK AND WHITE,ART007,HSART-07-090-BLDG CIRC UG,,,
fnFjF,AxiOtD,63836521,ARTSTUDI-170-03,PHOTOGRAPHY I: BLACK AND WHITE,ART007,HSART-07-090-BLDG CIRC UG,,,
UUHco,sdaij,34020201,ARTSTUDI-170-03,PHOTOGRAPHY I: BLACK AND WHITE,ART007,HSART-07-090-BLDG CIRC UG,,,
eypOVH,WkyEt,27252732,ARTSTUDI-170-03,PHOTOGRAPHY I: BLACK AND WHITE,ART007,HSART-07-090-BLDG CIRC UG,,,
HRcdkUHOm,LrnFNVY,15216083,ARTSTUDI-170-03,PHOTOGRAPHY I: BLACK AND WHITE,ART007,HSART-07-090-BLDG CIRC UG,,,
yvTlBrwO,SOVb,06514460,ARTSTUDI-170-03,PHOTOGRAPHY I: BLACK AND WHITE,ART007,HSART-07-090-BLDG CIRC UG,,,
kQQYFE,ZfkgpeU,74254232,ARTSTUDI-170-03,PHOTOGRAPHY I: BLACK AND WHITE,ART007,HSART-07-090-BLDG CIRC UG,,,
OBehpx,gEbaG,63052118,ARTSTUDI-171-01,PHOTOGRAPHY I: DIGITAL,ART016,HSART-07-090-BLDG CIRC UG,,,
kqrrYAi,XlfiJep,22093113,ARTSTUDI-171-01,PHOTOGRAPHY I: DIGITAL,ART016,HSART-07-090-BLDG CIRC UG,,,
rAOvMziZXG,CflQuF,88152785,ARTSTUDI-171-01,PHOTOGRAPHY I: DIGITAL,ART016,HSART-07-090-BLDG CIRC UG,,,
OAngqH,TESuHYLo,93188463,ARTSTUDI-171-01,PHOTOGRAPHY I: DIGITAL,ART016,HSART-07-090-BLDG CIRC UG,,,
vxUjh,nqRyj,79972745,ARTSTUDI-171-01,PHOTOGRAPHY I: DIGITAL,ART016,HSART-07-090-BLDG CIRC UG,,,
AUWnRN,rg,38127771,ARTSTUDI-171-01,PHOTOGRAPHY I: DIGITAL,ART016,HSART-07-090-BLDG CIRC UG,,,
oIQhYj,HHdtgww,22696895,ARTSTUDI-171-01,PHOTOGRAPHY I: DIGITAL,ART016,HSART-07-090-BLDG CIRC UG,,,
adV,lNYo,64551525,ARTSTUDI-171-01,PHOTOGRAPHY I: DIGITAL,ART016,HSART-07-090-BLDG CIRC UG,,,
yYqWRw,KIfXD,45072574,ARTSTUDI-171-01,PHOTOGRAPHY I: DIGITAL,ART016,HSART-07-090-BLDG CIRC UG,,,
MWQSTxam,OcyEjGv,88441645,ARTSTUDI-171-01,PHOTOGRAPHY I: DIGITAL,ART016,HSART-07-090-BLDG CIRC UG,,,
qLGOmQ,pDkrLcL,15379439,ARTSTUDI-171-01,PHOTOGRAPHY I: DIGITAL,ART016,HSART-07-090-BLDG CIRC UG,,,
RJkrlZWtRWf,ijqYy,80730803,ARTSTUDI-171-01,PHOTOGRAPHY I: DIGITAL,ART016,HSART-07-090-BLDG CIRC UG,,,
bixoV,hnCeNilb,29839298,ARTSTUDI-171-01,PHOTOGRAPHY I: DIGITAL,ART016,HSART-07-090-BLDG CIRC UG,,,
WUArUZtezy,zVhpWxl,95682195,ARTSTUDI-171-02,PHOTOGRAPHY I: DIGITAL,ART016,HSART-07-090-BLDG CIRC UG,,,
QVflLwFegiVU,LCgzSuZo,78665680,ARTSTUDI-171-02,PHOTOGRAPHY I: DIGITAL,ART016,HSART-07-090-BLDG CIRC UG,,,
VDkuBVEGrok,sldEc,84157505,ARTSTUDI-171-02,PHOTOGRAPHY I: DIGITAL,ART016,HSART-07-090-BLDG CIRC UG,,,
RpA,ayneVN,87452300,ARTSTUDI-171-02,PHOTOGRAPHY I: DIGITAL,ART016,HSART-07-090-BLDG CIRC UG,,,
EsSUlh,pbYvPS,34505265,ARTSTUDI-171-02,PHOTOGRAPHY I: DIGITAL,ART016,HSART-07-090-BLDG CIRC UG,,,
yhSqbnaIx,TYMoEgv,37683735,ARTSTUDI-171-02,PHOTOGRAPHY I: DIGITAL,ART016,HSART-07-090-BLDG CIRC UG,,,
UFNIMw,fGXvdG,70787360,ARTSTUDI-171-02,PHOTOGRAPHY I: DIGITAL,ART016,HSART-07-090-BLDG CIRC UG,,,
moBU,NEmxGZT,45827610,ARTSTUDI-171-02,PHOTOGRAPHY I: DIGITAL,ART016,HSART-07-090-BLDG CIRC UG,,,
bMbunau,lBdwstyUL,13510029,ARTSTUDI-171-02,PHOTOGRAPHY I: DIGITAL,ART016,HSART-07-090-BLDG CIRC UG,,,
xSlVcxDVQ,kXkJVEYiG,87573166,ARTSTUDI-171-02,PHOTOGRAPHY I: DIGITAL,ART016,HSART-07-090-BLDG CIRC UG,,,
ohxPMOc,NEVXbZz,65660016,ARTSTUDI-171-02,PHOTOGRAPHY I: DIGITAL,ART016,HSART-07-090-BLDG CIRC UG,,,
Ujboav,HmuvBiE,66932726,ARTSTUDI-171-02,PHOTOGRAPHY I: DIGITAL,ART016,HSART-07-090-BLDG CIRC UG,,,
oWjze,hLWVsL,13291664,ARTSTUDI-171-02,PHOTOGRAPHY I: DIGITAL,ART016,HSART-07-090-BLDG CIRC UG,,,
XtbOabJ,miXHR,62671283,ARTSTUDI-171-02,PHOTOGRAPHY I: DIGITAL,ART016,HSART-07-090-BLDG CIRC UG,,,
wtWIwEyM,JTYaiHMy,69269815,ARTSTUDI-171-03,PHOTOGRAPHY I: DIGITAL,ART016,HSART-07-090-BLDG CIRC UG,,,
AbtYZF,OuhwnWf,78386662,ARTSTUDI-171-03,PHOTOGRAPHY I: DIGITAL,ART016,HSART-07-090-BLDG CIRC UG,,,
eCoifh,xmd,12895820,ARTSTUDI-171-03,PHOTOGRAPHY I: DIGITAL,ART016,HSART-07-090-BLDG CIRC UG,,,
zdHACyuTn,aaLP,87505870,ARTSTUDI-171-03,PHOTOGRAPHY I: DIGITAL,ART016,HSART-07-090-BLDG CIRC UG,,,
BeNTeYtitI,cAxaRT,38842113,ARTSTUDI-171-03,PHOTOGRAPHY I: DIGITAL,ART016,HSART-07-090-BLDG CIRC UG,,,
KdGszG,uBsrPOF,29029002,ARTSTUDI-171-03,PHOTOGRAPHY I: DIGITAL,ART016,HSART-07-090-BLDG CIRC UG,,,
BLmQs,UZpTmrK,11277754,ARTSTUDI-171-03,PHOTOGRAPHY I: DIGITAL,ART016,HSART-07-090-BLDG CIRC UG,,,
MUrKM,hHTqlkVk,24058131,ARTSTUDI-171-03,PHOTOGRAPHY I: DIGITAL,ART016,HSART-07-090-BLDG CIRC UG,,,
dMmxBr,LYiWLM,41145208,ARTSTUDI-171-03,PHOTOGRAPHY I: DIGITAL,ART016,HSART-07-090-BLDG CIRC UG,,,
lvlIu,dszuyJnZ,30639972,ARTSTUDI-171-03,PHOTOGRAPHY I: DIGITAL,ART016,HSART-07-090-BLDG CIRC UG,,,
jvRL,rkllrM,49641174,ARTSTUDI-171-03,PHOTOGRAPHY I: DIGITAL,ART016,HSART-07-090-BLDG CIRC UG,,,
QrfgsFALl,FIxLfvB,56595714,ARTSTUDI-171-03,PHOTOGRAPHY I: DIGITAL,ART016,HSART-07-090-BLDG CIRC UG,,,
tQyovOcR,LmzjzyDQE,32335781,ARTSTUDI-171-03,PHOTOGRAPHY I: DIGITAL,ART016,HSART-07-090-BLDG CIRC UG,,,
MrEne,RGGMwS,39607192,ARTSTUDI-171-03,PHOTOGRAPHY I: DIGITAL,ART016,HSART-07-090-BLDG CIRC UG,,,
TVFBQd,FLdh,39598773,ARTSTUDI-171-03,PHOTOGRAPHY I: DIGITAL,ART016,HSART-07-090-BLDG CIRC UG,,,
VEkqbH,YlTid,52553151,ARTSTUDI-171-03,PHOTOGRAPHY I: DIGITAL,ART016,HSART-07-090-BLDG CIRC UG,,,
kheUKji,MPwefyj,91619765,ARTSTUDI-171-03,PHOTOGRAPHY I: DIGITAL,ART016,HSART-07-090-BLDG CIRC UG,,,
RFNfLj,bxEJf,88443797,ARTSTUDI-171-03,PHOTOGRAPHY I: DIGITAL,ART016,HSART-07-090-BLDG CIRC UG,,,
VyNP,socJf,39185173,ARTSTUDI-171-03,PHOTOGRAPHY I: DIGITAL,ART016,HSART-07-090-BLDG CIRC UG,,,
gAiS,jDxiD,22911119,ARTSTUDI-171-03,PHOTOGRAPHY I: DIGITAL,ART016,HSART-07-090-BLDG CIRC UG,,,
CIPrfZ,vQTac,56982524,ARTSTUDI-171-03,PHOTOGRAPHY I: DIGITAL,ART016,HSART-07-090-BLDG CIRC UG,,,
FtTbz,IJzlRBR,32365123,ARTSTUDI-171-03,PHOTOGRAPHY I: DIGITAL,ART016,HSART-07-090-BLDG CIRC UG,,,
nTyUvl,JrtVg,90708338,ARTSTUDI-171-03,PHOTOGRAPHY I: DIGITAL,ART016,HSART-07-090-BLDG CIRC UG,,,
wibxFbW,JRbUMln,33952279,ARTSTUDI-171-03,PHOTOGRAPHY I: DIGITAL,ART016,HSART-07-090-BLDG CIRC UG,,,
CED,wHoUNOuYEW,05306165,ARTSTUDI-173E-01,CELL PHONE PHOTOGRAPHY,ARTGAL7,HSART-07-090-BLDG CIRC UG,HSART-03-001-AG BASEMENT,,
LJgtC,XSyGBGU,91467787,ARTSTUDI-173E-01,CELL PHONE PHOTOGRAPHY,ARTGAL7,HSART-07-090-BLDG CIRC UG,HSART-03-001-AG BASEMENT,,
JnDHq,NceKxf,09127852,ARTSTUDI-173E-01,CELL PHONE PHOTOGRAPHY,ARTGAL7,HSART-07-090-BLDG CIRC UG,HSART-03-001-AG BASEMENT,,
EeKigEw,ioAwpeT,90290240,ARTSTUDI-173E-01,CELL PHONE PHOTOGRAPHY,ARTGAL7,HSART-07-090-BLDG CIRC UG,HSART-03-001-AG BASEMENT,,
AkYUmT,cJINHxUI,46293220,ARTSTUDI-173E-01,CELL PHONE PHOTOGRAPHY,ARTGAL7,HSART-07-090-BLDG CIRC UG,HSART-03-001-AG BASEMENT,,
aSbP,ZDuTQZi,29490110,ARTSTUDI-173E-01,CELL PHONE PHOTOGRAPHY,ARTGAL7,HSART-07-090-BLDG CIRC UG,HSART-03-001-AG BASEMENT,,
wD,IGoanCVJ,57019021,ARTSTUDI-173E-01,CELL PHONE PHOTOGRAPHY,ARTGAL7,HSART-07-090-BLDG CIRC UG,HSART-03-001-AG BASEMENT,,
oBban,pMiA,95729087,ARTSTUDI-173E-01,CELL PHONE PHOTOGRAPHY,ARTGAL7,HSART-07-090-BLDG CIRC UG,HSART-03-001-AG BASEMENT,,
ywkCn,uDLX,69626626,ARTSTUDI-173E-01,CELL PHONE PHOTOGRAPHY,ARTGAL7,HSART-07-090-BLDG CIRC UG,HSART-03-001-AG BASEMENT,,
NfhRA,OaBuFEtb,17655342,ARTSTUDI-173E-01,CELL PHONE PHOTOGRAPHY,ARTGAL7,HSART-07-090-BLDG CIRC UG,HSART-03-001-AG BASEMENT,,
jziE,aEnmF,96972935,ARTSTUDI-173E-01,CELL PHONE PHOTOGRAPHY,ARTGAL7,HSART-07-090-BLDG CIRC UG,HSART-03-001-AG BASEMENT,,
TJNqpf,furqlvr,07806588,ARTSTUDI-173E-01,CELL PHONE PHOTOGRAPHY,ARTGAL7,HSART-07-090-BLDG CIRC UG,HSART-03-001-AG BASEMENT,,
XYAwPO,LCVyVnR,87172096,ARTSTUDI-173E-01,CELL PHONE PHOTOGRAPHY,ARTGAL7,HSART-07-090-BLDG CIRC UG,HSART-03-001-AG BASEMENT,,
CHpylaZ,YriE,70994147,ARTSTUDI-173E-01,CELL PHONE PHOTOGRAPHY,ARTGAL7,HSART-07-090-BLDG CIRC UG,HSART-03-001-AG BASEMENT,,
exyHZW,rRjqGg,25763150,ARTSTUDI-176-01,TIME SHIFTS,ARTM120,HSART-07-090-BLDG CIRC UG,HSART-07-090-DESIGN,,
HIKQ,Zco,63784223,ARTSTUDI-176-01,TIME SHIFTS,ARTM120,HSART-07-090-BLDG CIRC UG,HSART-07-090-DESIGN,,
gnIqi,ShuNocYg,03737928,ARTSTUDI-176-01,TIME SHIFTS,ARTM120,HSART-07-090-BLDG CIRC UG,HSART-07-090-DESIGN,,
hbApmf,LXFgW,50323174,ARTSTUDI-176-01,TIME SHIFTS,ARTM120,HSART-07-090-BLDG CIRC UG,HSART-07-090-DESIGN,,
IjlFb,TymKr,56201478,ARTSTUDI-176-01,TIME SHIFTS,ARTM120,HSART-07-090-BLDG CIRC UG,HSART-07-090-DESIGN,,
IPXlbx,YLtJtlk,28114714,ARTSTUDI-176-01,TIME SHIFTS,ARTM120,HSART-07-090-BLDG CIRC UG,HSART-07-090-DESIGN,,
xVYJTmvj,xKHUaR,90521978,ARTSTUDI-176-01,TIME SHIFTS,ARTM120,HSART-07-090-BLDG CIRC UG,HSART-07-090-DESIGN,,
TWg,aDHtILGuMI,80012750,ARTSTUDI-179-01,DIGITAL ART I,ART011C,HSART-07-090-BLDG CIRC UG,,,
RAwQQEeX,wPzerX,59519065,ARTSTUDI-179-01,DIGITAL ART I,ART011C,HSART-07-090-BLDG CIRC UG,,,
jufIyLyQ,AvteZoXj,06336779,ARTSTUDI-179-01,DIGITAL ART I,ART011C,HSART-07-090-BLDG CIRC UG,,,
OOibNU,VNpWIkh,34376323,ARTSTUDI-179-01,DIGITAL ART I,ART011C,HSART-07-090-BLDG CIRC UG,,,
utMvqWJx,hbApbZLO,22006534,ARTSTUDI-179-01,DIGITAL ART I,ART011C,HSART-07-090-BLDG CIRC UG,,,
URyrjdgkLrl,fjs,65885718,ARTSTUDI-179-01,DIGITAL ART I,ART011C,HSART-07-090-BLDG CIRC UG,,,
Aa,Bdwb,25643264,ARTSTUDI-179-01,DIGITAL ART I,ART011C,HSART-07-090-BLDG CIRC UG,,,
VJH,gYyfZZ,50136283,ARTSTUDI-179-01,DIGITAL ART I,ART011C,HSART-07-090-BLDG CIRC UG,,,
CPdsr,lzFCh,27871400,ARTSTUDI-179-01,DIGITAL ART I,ART011C,HSART-07-090-BLDG CIRC UG,,,
KuVYwHDuOp,dmymV,26070908,ARTSTUDI-179-01,DIGITAL ART I,ART011C,HSART-07-090-BLDG CIRC UG,,,
NMpW,yuI,59423975,ARTSTUDI-179-01,DIGITAL ART I,ART011C,HSART-07-090-BLDG CIRC UG,,,
paYmsfkjCGMt,xBEAh,80095321,ARTSTUDI-179-01,DIGITAL ART I,ART011C,HSART-07-090-BLDG CIRC UG,,,
vqzQS,RHnHlNQ,17171110,ARTSTUDI-179-01,DIGITAL ART I,ART011C,HSART-07-090-BLDG CIRC UG,,,
oCcriaNE,uYNNZ,94439975,ARTSTUDI-179-01,DIGITAL ART I,ART011C,HSART-07-090-BLDG CIRC UG,,,
TNdkLHhRVwho,UeRM,65378151,ARTSTUDI-179-01,DIGITAL ART I,ART011C,HSART-07-090-BLDG CIRC UG,,,
eCyZyer,FJNGbmG,47047139,ARTSTUDI-179-01,DIGITAL ART I,ART011C,HSART-07-090-BLDG CIRC UG,,,
JAAYYLTa,IRz,42518607,ARTHIST-193-01,JACOB LAWRENCE'S: AFRICAN ART,,,,,
ouMZKFtqN,nPjWB,32578975,ARTHIST-193-01,JACOB LAWRENCE'S: AFRICAN ART,,,,,
UtK,iMneOf,72212012,ARTHIST-193-01,JACOB LAWRENCE'S: AFRICAN ART,,,,,
lAPT,YWFdFK,29649315,ARTHIST-193-01,JACOB LAWRENCE'S: AFRICAN ART,,,,,
CEuG,kKrWTg,55066990,FILMSTUD-213-01,GLOBAL MELODRAMA,ART115,HSART-07-090-BLDG CIRC UG,,ART350,
oku,DxrYD,47991985,ARTHIST-223-01,LIVING IN THE MATERIAL WORLD,ART370,HSART-07-090-BLDG CIRC UG,,,
QabWpMjdQp,JTfn,70210478,ARTSTUDI-231A-01,INTERACTIVE ART I,ART011B,HSART-07-090-BLDG CIRC UG,,,
qujUyQwExLBS,dKDIK,71491649,ARTSTUDI-231A-01,INTERACTIVE ART I,ART011B,HSART-07-090-BLDG CIRC UG,,,
Ta,iedVDS,85196543,ARTHIST-238C-01,ART AND THE MARKET,,,,,
ahmawV,EOxSBOp,66190727,ARTHIST-238C-01,ART AND THE MARKET,,,,,
kkgyzh,gzl,07887484,ARTHIST-238C-01,ART AND THE MARKET,,,,,
BaxHILhohHIwy,wUotp,66550768,ARTHIST-238C-01,ART AND THE MARKET,,,,,
KnvZobH,xcPeUp,31435609,ARTHIST-238C-01,ART AND THE MARKET,,,,,
nYrjwc,vfNRG,51653993,ARTHIST-238C-01,ART AND THE MARKET,,,,,
gycItk,EhwA,83391316,ARTHIST-238C-01,ART AND THE MARKET,,,,,
lQIBBMK,GBWVMLzN,35108327,ARTHIST-238C-01,ART AND THE MARKET,,,,,
nPCrKfzp,LBeWIrVR,25478152,ARTHIST-238C-01,ART AND THE MARKET,,,,,
sOVulrd,njsF,63587742,ARTHIST-238C-01,ART AND THE MARKET,,,,,
tkx,kSYlTYD,40660391,ARTHIST-238C-01,ART AND THE MARKET,,,,,
RQ,PYma,18442793,ARTHIST-238C-01,ART AND THE MARKET,,,,,
QsD,xtHxX,93777553,ARTHIST-238C-01,ART AND THE MARKET,,,,,
kCeMSvmhIN,hXpVvNQev,43155692,ARTHIST-238C-01,ART AND THE MARKET,,,,,
FAS,tMLq,37955403,ARTHIST-238C-01,ART AND THE MARKET,,,,,
NXGOgdFq,hMWwbYd,03482102,ARTHIST-238C-01,ART AND THE MARKET,,,,,
WqqCz,EekMpesaUkYFc,97017286,ARTHIST-238C-01,ART AND THE MARKET,,,,,
zbXpQTMx,aqTmtCD,54382470,ARTHIST-238C-01,ART AND THE MARKET,,,,,
ZSF,bNoMQZjYyw,16246896,ARTSTUDI-240-01,DRAWING II,ART303,HSART-07-090-BLDG CIRC UG,HSART-07-090-23FPROD,,
jFDbK,eEjVk,16051402,ARTSTUDI-240-01,DRAWING II,ART303,HSART-07-090-BLDG CIRC UG,HSART-07-090-23FPROD,,
XYukjlCPZTsX,XToMN,19640091,ARTSTUDI-240-01,DRAWING II,ART303,HSART-07-090-BLDG CIRC UG,HSART-07-090-23FPROD,,
VMxfIQde,CRkGqu,63984957,ARTSTUDI-240-01,DRAWING II,ART303,HSART-07-090-BLDG CIRC UG,HSART-07-090-23FPROD,,
bQEWgAwIxR,AWTLHnH,97722069,ARTSTUDI-240-01,DRAWING II,ART303,HSART-07-090-BLDG CIRC UG,HSART-07-090-23FPROD,,
oDMOxVLI,eayaD,43285763,ARTSTUDI-240-01,DRAWING II,ART303,HSART-07-090-BLDG CIRC UG,HSART-07-090-23FPROD,,
PYMFZHxYomcNQWl,NPuyo,04957051,ARTSTUDI-240-01,DRAWING II,ART303,HSART-07-090-BLDG CIRC UG,HSART-07-090-23FPROD,,
wElIGRboSz,aJnWh,64510706,ARTSTUDI-240-01,DRAWING II,ART303,HSART-07-090-BLDG CIRC UG,HSART-07-090-23FPROD,,
CKr,Qgiplzh,92652748,ARTSTUDI-240-01,DRAWING II,ART303,HSART-07-090-BLDG CIRC UG,HSART-07-090-23FPROD,,
KZuUGs,ljwl,50712001,ARTSTUDI-240-01,DRAWING II,ART303,HSART-07-090-BLDG CIRC UG,HSART-07-090-23FPROD,,
FCrQ,tbnILUbx,67223512,ARTSTUDI-240-01,DRAWING II,ART303,HSART-07-090-BLDG CIRC UG,HSART-07-090-23FPROD,,
KFwIIMXC,suWYUD,78822430,ARTSTUDI-240-01,DRAWING II,ART303,HSART-07-090-BLDG CIRC UG,HSART-07-090-23FPROD,,
gAZe,JlmEl,27190445,ARTSTUDI-243-01,ANATOMY FOR ARTISTS,,,,,
uxdJCbl,qLnBZvLhO,22984153,ARTSTUDI-243-01,ANATOMY FOR ARTISTS,,,,,
JBzpJOaU,MONTCOjb,40774530,ARTSTUDI-243-01,ANATOMY FOR ARTISTS,,,,,
SI,QywLfiPx,69301026,ARTSTUDI-243-01,ANATOMY FOR ARTISTS,,,,,
vCI,wIwEQIaan,50966599,ARTSTUDI-243-01,ANATOMY FOR ARTISTS,,,,,
btdiyX,OWl,01725858,ARTSTUDI-243-01,ANATOMY FOR ARTISTS,,,,,
TFoZpi,JOrtcMdq,61561909,ARTSTUDI-243-01,ANATOMY FOR ARTISTS,,,,,
nuza,EhrKMcA,01915203,ARTSTUDI-243-01,ANATOMY FOR ARTISTS,,,,,
MqQc,wNlSe,48567602,ARTSTUDI-245-01,PAINTING II,ART305,HSART-07-090-BLDG CIRC UG,HSART-07-090-23FPROD,,
thhqV,wroco,93432967,ARTSTUDI-245-01,PAINTING II,ART305,HSART-07-090-BLDG CIRC UG,HSART-07-090-23FPROD,,
PZSHiXv,rdTZD,54235631,ARTSTUDI-245-01,PAINTING II,ART305,HSART-07-090-BLDG CIRC UG,HSART-07-090-23FPROD,,
Dwsrt,LdyFE,04352794,ARTSTUDI-245-01,PAINTING II,ART305,HSART-07-090-BLDG CIRC UG,HSART-07-090-23FPROD,,
jtEtTdU,wcqp,08109376,ARTSTUDI-245-01,PAINTING II,ART305,HSART-07-090-BLDG CIRC UG,HSART-07-090-23FPROD,,
FzeUFc,Cejti,99128650,ARTSTUDI-245-01,PAINTING II,ART305,HSART-07-090-BLDG CIRC UG,HSART-07-090-23FPROD,,
RNu,zltc,06767220,ARTSTUDI-245-01,PAINTING II,ART305,HSART-07-090-BLDG CIRC UG,HSART-07-090-23FPROD,,
epl,Qtqiqa,95249662,ARTSTUDI-245-01,PAINTING II,ART305,HSART-07-090-BLDG CIRC UG,HSART-07-090-23FPROD,,
rezcZIct,PHBIr,60012631,ARTSTUDI-245-01,PAINTING II,ART305,HSART-07-090-BLDG CIRC UG,HSART-07-090-23FPROD,,
TSv,wQQz,13565277,ARTSTUDI-245-01,PAINTING II,ART305,HSART-07-090-BLDG CIRC UG,HSART-07-090-23FPROD,,
yMvfNap,NCoX,46577233,ARTSTUDI-245-01,PAINTING II,ART305,HSART-07-090-BLDG CIRC UG,HSART-07-090-23FPROD,,
Ts,wlQwRCF,42981961,ARTSTUDI-245-01,PAINTING II,ART305,HSART-07-090-BLDG CIRC UG,HSART-07-090-23FPROD,,
NvxH,ZnvlQbk,03671550,ARTSTUDI-245-01,PAINTING II,ART305,HSART-07-090-BLDG CIRC UG,HSART-07-090-23FPROD,,
NphT,JDIwDIu,33991924,ARTSTUDI-245-01,PAINTING II,ART305,HSART-07-090-BLDG CIRC UG,HSART-07-090-23FPROD,,
duxri,xQZCg,11686739,ARTSTUDI-245-01,PAINTING II,ART305,HSART-07-090-BLDG CIRC UG,HSART-07-090-23FPROD,,
dPJB,PuCCl,83626386,ARTSTUDI-245-01,PAINTING II,ART305,HSART-07-090-BLDG CIRC UG,HSART-07-090-23FPROD,,
WBXrJp,xFUf,19993965,ARTSTUDI-245-01,PAINTING II,ART305,HSART-07-090-BLDG CIRC UG,HSART-07-090-23FPROD,,
qjIER,Kupfudkk,65937263,ARTSTUDI-247-01,COLLAGE,ART220,HSART-07-090-BLDG CIRC UG,HSART-07-090-23FPROD,,
yMKoOjD,EeX,39612381,ARTSTUDI-247-01,COLLAGE,ART220,HSART-07-090-BLDG CIRC UG,HSART-07-090-23FPROD,,
sbTcluTE,AOrrGMMbQ,16915694,ARTSTUDI-247-01,COLLAGE,ART220,HSART-07-090-BLDG CIRC UG,HSART-07-090-23FPROD,,
hqxAt,bBIMkspS,31705591,ARTSTUDI-247-01,COLLAGE,ART220,HSART-07-090-BLDG CIRC UG,HSART-07-090-23FPROD,,
Ikxwuze,jJHvIIuNp,42588068,ARTSTUDI-247-01,COLLAGE,ART220,HSART-07-090-BLDG CIRC UG,HSART-07-090-23FPROD,,
fAIJYTW,tOxgMGKec,30331230,ARTSTUDI-247-01,COLLAGE,ART220,HSART-07-090-BLDG CIRC UG,HSART-07-090-23FPROD,,
hFtODJCJv,TMkZj,52934823,ARTSTUDI-247-01,COLLAGE,ART220,HSART-07-090-BLDG CIRC UG,HSART-07-090-23FPROD,,
Yl,zszzS,57401389,ARTSTUDI-247-01,COLLAGE,ART220,HSART-07-090-BLDG CIRC UG,HSART-07-090-23FPROD,,
Xqs,MazR,81484699,ARTSTUDI-247-01,COLLAGE,ART220,HSART-07-090-BLDG CIRC UG,HSART-07-090-23FPROD,,
hqnyklT,aKVb,22882548,ARTSTUDI-247-01,COLLAGE,ART220,HSART-07-090-BLDG CIRC UG,HSART-07-090-23FPROD,,
VSvc,FtKhI,75228990,ARTSTUDI-249-01,ADV UG SEMINAR,ART220,HSART-07-090-BLDG CIRC UG,HSART-07-090-23FPROD,,
oXllRZgh,onbLjaJUU,19374895,ARTSTUDI-249-01,ADV UG SEMINAR,ART220,HSART-07-090-BLDG CIRC UG,HSART-07-090-23FPROD,,
kqwGVOn,mVPoYEtXr,20449835,ARTSTUDI-249-01,ADV UG SEMINAR,ART220,HSART-07-090-BLDG CIRC UG,HSART-07-090-23FPROD,,
nVlFDWe,FuWL,85317370,ARTSTUDI-249-01,ADV UG SEMINAR,ART220,HSART-07-090-BLDG CIRC UG,HSART-07-090-23FPROD,,
LaKshH,tHUxUbT,96682207,ARTSTUDI-249-01,ADV UG SEMINAR,ART220,HSART-07-090-BLDG CIRC UG,HSART-07-090-23FPROD,,
eBBnFUtBD,wKhkkfkVPa,87757815,ARTSTUDI-249-01,ADV UG SEMINAR,ART220,HSART-07-090-BLDG CIRC UG,HSART-07-090-23FPROD,,
OkMTIZ,Njpfu,68305167,ARTSTUDI-249-01,ADV UG SEMINAR,ART220,HSART-07-090-BLDG CIRC UG,HSART-07-090-23FPROD,,
FYkgOYY,uBsT,18642205,ARTSTUDI-249-01,ADV UG SEMINAR,ART220,HSART-07-090-BLDG CIRC UG,HSART-07-090-23FPROD,,
vwZF,wRP,31400556,FILMSTUD-250B-01,BOLLYWOOD AND BEYOND,,,,,
jxCDXl,TkJyxChi,83946718,FILMSTUD-250B-01,BOLLYWOOD AND BEYOND,,,,,
mFBU,vqPUFe,50861197,FILMSTUD-250B-01,BOLLYWOOD AND BEYOND,,,,,
xbpCR,hGQqq,33307333,FILMSTUD-250B-01,BOLLYWOOD AND BEYOND,,,,,
ZDZAJSxKT,KAYbp,94809786,FILMSTUD-250B-01,BOLLYWOOD AND BEYOND,,,,,
CIQemAsIytK,JNod,73219121,FILMSTUD-250B-01,BOLLYWOOD AND BEYOND,,,,,
ewLLO,XDFNyWix,79417506,ARTSTUDI-264-01,ADVANCED INTERACTION DESIGN,ARTGAL110,HSART-07-090-BLDG CIRC UG,HSART-03-001-PROTOTYPE,,
SjUuknhx,QcflhHXjX,00971937,ARTSTUDI-264-01,ADVANCED INTERACTION DESIGN,ARTGAL110,HSART-07-090-BLDG CIRC UG,HSART-03-001-PROTOTYPE,,
hjNlc,pztmfpw,66958135,ARTSTUDI-264-01,ADVANCED INTERACTION DESIGN,ARTGAL110,HSART-07-090-BLDG CIRC UG,HSART-03-001-PROTOTYPE,,
BABbkurXuN,ltulCSI,67680492,ARTSTUDI-264-01,ADVANCED INTERACTION DESIGN,ARTGAL110,HSART-07-090-BLDG CIRC UG,HSART-03-001-PROTOTYPE,,
TlPi,uQzS,92639538,ARTSTUDI-264-01,ADVANCED INTERACTION DESIGN,ARTGAL110,HSART-07-090-BLDG CIRC UG,HSART-03-001-PROTOTYPE,,
ZnbkOExPFwvvK,IvbjReM,56737399,ARTSTUDI-264-01,ADVANCED INTERACTION DESIGN,ARTGAL110,HSART-07-090-BLDG CIRC UG,HSART-03-001-PROTOTYPE,,
GgKeZw,JNJsDb,43574280,ARTSTUDI-264-01,ADVANCED INTERACTION DESIGN,ARTGAL110,HSART-07-090-BLDG CIRC UG,HSART-03-001-PROTOTYPE,,
YZj,FYUedcJ,84971508,ARTSTUDI-264-01,ADVANCED INTERACTION DESIGN,ARTGAL110,HSART-07-090-BLDG CIRC UG,HSART-03-001-PROTOTYPE,,
bibzV,dCdjHjS,18240442,ARTSTUDI-264-01,ADVANCED INTERACTION DESIGN,ARTGAL110,HSART-07-090-BLDG CIRC UG,HSART-03-001-PROTOTYPE,,
dzWW,XpX,63480176,ARTSTUDI-264-01,ADVANCED INTERACTION DESIGN,ARTGAL110,HSART-07-090-BLDG CIRC UG,HSART-03-001-PROTOTYPE,,
EoEO,htcAj,16495455,ARTSTUDI-264-01,ADVANCED INTERACTION DESIGN,ARTGAL110,HSART-07-090-BLDG CIRC UG,HSART-03-001-PROTOTYPE,,
vGSg,ZVQRc,70295873,ARTSTUDI-270-01,ADV PHOTOGRAPHY SEMINAR,ART370,HSART-07-090-BLDG CIRC UG,,,
zRJus,sZCaaO,97787897,ARTSTUDI-270-01,ADV PHOTOGRAPHY SEMINAR,ART370,HSART-07-090-BLDG CIRC UG,,,
MNgKmiMLN,ZrnK,75250778,ARTSTUDI-270-01,ADV PHOTOGRAPHY SEMINAR,ART370,HSART-07-090-BLDG CIRC UG,,,
eDCE,bGyGqZ,77608953,ARTSTUDI-270-01,ADV PHOTOGRAPHY SEMINAR,ART370,HSART-07-090-BLDG CIRC UG,,,
Puvn,TZKz,77103810,ARTSTUDI-270-01,ADV PHOTOGRAPHY SEMINAR,ART370,HSART-07-090-BLDG CIRC UG,,,
Wfobzn,mDloWP,71485789,ARTSTUDI-270-01,ADV PHOTOGRAPHY SEMINAR,ART370,HSART-07-090-BLDG CIRC UG,,,
qwZqb,WzMKP,34537283,ARTSTUDI-270-01,ADV PHOTOGRAPHY SEMINAR,ART370,HSART-07-090-BLDG CIRC UG,,,
juByKeF,vVX,74515018,ARTSTUDI-270-01,ADV PHOTOGRAPHY SEMINAR,ART370,HSART-07-090-BLDG CIRC UG,,,
skkPz,gyQPfw,47301958,ARTSTUDI-270-01,ADV PHOTOGRAPHY SEMINAR,ART370,HSART-07-090-BLDG CIRC UG,,,
AchP,uiWz,16492939,ARTSTUDI-271-01,VIEW CAMERA,ART007,HSART-07-090-BLDG CIRC UG,,,
NJTggi,lMlh,10754274,ARTSTUDI-271-01,VIEW CAMERA,ART007,HSART-07-090-BLDG CIRC UG,,,
VxKCbPmuX,lgde,22931725,ARTSTUDI-271-01,VIEW CAMERA,ART007,HSART-07-090-BLDG CIRC UG,,,
SjZKikdFm,gYmUt,26414882,ARTSTUDI-271-01,VIEW CAMERA,ART007,HSART-07-090-BLDG CIRC UG,,,
cOBNwYSTHia,Nmpla,58651429,ARTSTUDI-271-01,VIEW CAMERA,ART007,HSART-07-090-BLDG CIRC UG,,,
rMgAtjDte,aWQh,67953827,ARTSTUDI-271-01,VIEW CAMERA,ART007,HSART-07-090-BLDG CIRC UG,,,
DXv,MwxUoJw,10061462,ARTSTUDI-271-01,VIEW CAMERA,ART007,HSART-07-090-BLDG CIRC UG,,,
JlDJ,Esbw,86591184,ARTSTUDI-271-01,VIEW CAMERA,ART007,HSART-07-090-BLDG CIRC UG,,,
qnuu,Afzjup,16913125,ARTSTUDI-271-01,VIEW CAMERA,ART007,HSART-07-090-BLDG CIRC UG,,,
Ult,WXgtF,93760816,ARTSTUDI-271-01,VIEW CAMERA,ART007,HSART-07-090-BLDG CIRC UG,,,
WhAsP,CfyWGt,35288722,ARTSTUDI-271-01,VIEW CAMERA,ART007,HSART-07-090-BLDG CIRC UG,,,
NPhq,zecah,58496473,ARTSTUDI-271-01,VIEW CAMERA,ART007,HSART-07-090-BLDG CIRC UG,,,
tWlEOZExWs,ZHZwr,20649645,ARTSTUDI-275-01,DIGITAL PHOTOGRAPHY,ART007,HSART-07-090-BLDG CIRC UG,,,
WNblz,wfZmch,54198486,ARTSTUDI-275-01,DIGITAL PHOTOGRAPHY,ART007,HSART-07-090-BLDG CIRC UG,,,
ozngYeG,KcBrhiYcq,53621366,ARTSTUDI-275-01,DIGITAL PHOTOGRAPHY,ART007,HSART-07-090-BLDG CIRC UG,,,
FZwezW,YirMhN,35114303,ARTSTUDI-275-01,DIGITAL PHOTOGRAPHY,ART007,HSART-07-090-BLDG CIRC UG,,,
rALmvW,bdqQgf,22368193,ARTSTUDI-275-01,DIGITAL PHOTOGRAPHY,ART007,HSART-07-090-BLDG CIRC UG,,,
oHp,qZue,75402332,ARTSTUDI-275-01,DIGITAL PHOTOGRAPHY,ART007,HSART-07-090-BLDG CIRC UG,,,
bwmjV,nZgT,05387087,ARTSTUDI-275-01,DIGITAL PHOTOGRAPHY,ART007,HSART-07-090-BLDG CIRC UG,,,
ETWAQqmCw,PktZw,12600018,ARTSTUDI-275-01,DIGITAL PHOTOGRAPHY,ART007,HSART-07-090-BLDG CIRC UG,,,
XeEPLg,JOfD,85278635,ARTSTUDI-275-01,DIGITAL PHOTOGRAPHY,ART007,HSART-07-090-BLDG CIRC UG,,,
ZZxQVaV,vVg,44807532,ARTSTUDI-275-01,DIGITAL PHOTOGRAPHY,ART007,HSART-07-090-BLDG CIRC UG,,,
IXBJGKo,fGzQtET,86365618,ARTSTUDI-275-01,DIGITAL PHOTOGRAPHY,ART007,HSART-07-090-BLDG CIRC UG,,,
efmqwxL,NdlBj,61938101,ARTSTUDI-275-01,DIGITAL PHOTOGRAPHY,ART007,HSART-07-090-BLDG CIRC UG,,,
LvgCTcT,uFdpkTpYk,93366402,ARTSTUDI-277A-01,VIDEO ART II,ART011C,HSART-07-090-BLDG CIRC UG,,,
cvirylF,rcidmjC,73876390,ARTSTUDI-277A-01,VIDEO ART II,ART011C,HSART-07-090-BLDG CIRC UG,,,
JGfZBx,ylZPO,40560196,ARTHIST-284B-01,MUSEUM CULTURES,,,,,
kJJUxXIt,mOKPa,37731499,ARTHIST-284B-01,MUSEUM CULTURES,,,,,
nHhl,XiARMpwxs,79481165,ARTHIST-287A-01,JAPANESE TEA CEREMONY,,,,,
wlGPtSp,FKNlrZ,48930670,ARTHIST-287A-01,JAPANESE TEA CEREMONY,,,,,
zDaWhH,hblHG,45618887,ARTHIST-297-02,HONORS THESIS WRITING,,,,,
IwTOHmCU,NWej,50293801,ARTHIST-297-07,HONORS THESIS WRITING,,,,,
IHAxe,stviF,01561399,ARTHIST-297-07,HONORS THESIS WRITING,,,,,
BlH,wNmhsibgN,70105786,ARTHIST-297-10,HONORS THESIS WRITING,,,,,
aVhuhV,gksYE,13196860,ARTHIST-297-10,HONORS THESIS WRITING,,,,,
xzxvGe,QvlWwYB,04522664,ARTSTUDI-297-04,HONORS THESIS EXHIBITION,,,,,
KkrdTf,rzeN,42984003,ARTSTUDI-297-05,HONORS THESIS EXHIBITION,,,,,
QgrWv,acQdOX,85949795,FILMSTUD-300C-01,WORLD CINEMA III,ART115,HSART-07-090-BLDG CIRC UG,,ARTGAL7,HSART-03-001-AG BASEMENT
BaSZb,NnYqgyif,19045134,FILMSTUD-300C-01,WORLD CINEMA III,ART115,HSART-07-090-BLDG CIRC UG,,ARTGAL7,HSART-03-001-AG BASEMENT
TXQA,vwwPeE,86919058,FILMSTUD-302-01,THEORIES OF MOVING IMAGE,ART115,HSART-07-090-BLDG CIRC UG,,ART360,
whozy,fWgQ,83970795,FILMSTUD-302-01,THEORIES OF MOVING IMAGE,ART115,HSART-07-090-BLDG CIRC UG,,ART360,
LJXLd,dfNVsD,56135961,FILMSTUD-302-01,THEORIES OF MOVING IMAGE,ART115,HSART-07-090-BLDG CIRC UG,,ART360,
LxzJKs,TfOH,66336264,FILMSTUD-302-01,THEORIES OF MOVING IMAGE,ART115,HSART-07-090-BLDG CIRC UG,,ART360,
XFPIeN,yRmK,69188410,FILMSTUD-302-01,THEORIES OF MOVING IMAGE,ART115,HSART-07-090-BLDG CIRC UG,,ART360,
IlKJTtq,tYFgRCV,36806396,FILMSTUD-302-01,THEORIES OF MOVING IMAGE,ART115,HSART-07-090-BLDG CIRC UG,,ART360,
lfJQLEehM,wIQxy,76715441,FILMSTUD-302-01,THEORIES OF MOVING IMAGE,ART115,HSART-07-090-BLDG CIRC UG,,ART360,
koYgv,yVPfuAjc,06857121,FILMSTUD-302-01,THEORIES OF MOVING IMAGE,ART115,HSART-07-090-BLDG CIRC UG,,ART360,
TC,lMdmW,68927296,FILMPROD-305-01,SCRIPT ANALYSIS,ART115,HSART-07-090-BLDG CIRC UG,,,
onHTnrn,OKW,13581769,FILMPROD-305-01,SCRIPT ANALYSIS,ART115,HSART-07-090-BLDG CIRC UG,,,
GDx,ERdAfgof,69724480,FILMPROD-305-01,SCRIPT ANALYSIS,ART115,HSART-07-090-BLDG CIRC UG,,,
qrqgdJ,cOxSv,29925476,FILMPROD-305-01,SCRIPT ANALYSIS,ART115,HSART-07-090-BLDG CIRC UG,,,
yVFQeGMh,CriWz,31590124,ARTHIST-305B-01,MEDIEVAL JOURNEYS: ART,ART350,HSART-07-090-BLDG CIRC UG,,,
lmJofbVN,MDWDH,93978077,ARTHIST-305B-02,MEDIEVAL JOURNEYS: ART,,,,,
SdGuLG,BUZFc,99622220,FILMSTUD-329-01,ANIMATION AND THE ANIMATED FIL,ART115,HSART-07-090-BLDG CIRC UG,,ART007,
mORqID,jKowGWk,17436172,FILMSTUD-329-01,ANIMATION AND THE ANIMATED FIL,ART115,HSART-07-090-BLDG CIRC UG,,ART007,
VXWXd,GSjd,28443877,FILMSTUD-329-01,ANIMATION AND THE ANIMATED FIL,ART115,HSART-07-090-BLDG CIRC UG,,ART007,
KhFIQuK,TnR,68824301,FILMSTUD-329-01,ANIMATION AND THE ANIMATED FIL,ART115,HSART-07-090-BLDG CIRC UG,,ART007,
bWfF,HB,63236523,FILMSTUD-329-01,ANIMATION AND THE ANIMATED FIL,ART115,HSART-07-090-BLDG CIRC UG,,ART007,
wowwymQ,gCyHMf,38544626,FILMSTUD-329-01,ANIMATION AND THE ANIMATED FIL,ART115,HSART-07-090-BLDG CIRC UG,,ART007,
jMyNQgmyTxS,syZX,15237541,FILMSTUD-329-01,ANIMATION AND THE ANIMATED FIL,ART115,HSART-07-090-BLDG CIRC UG,,ART007,
FElXtf,ozRObv,61572924,FILMSTUD-329-01,ANIMATION AND THE ANIMATED FIL,ART115,HSART-07-090-BLDG CIRC UG,,ART007,
IsqXK,lbWAqKx,73601210,FILMSTUD-329-01,ANIMATION AND THE ANIMATED FIL,ART115,HSART-07-090-BLDG CIRC UG,,ART007,
pEdIXXHLD,DJzxo,57331095,ARTSTUDI-342-01,MASTER'S PROJECT,,,,,
kwyY,dOQQ,71944386,ARTSTUDI-342-02,MASTER'S PROJECT,,,,,
UMrcK,eIDKOV,60703817,ARTSTUDI-342-02,MASTER'S PROJECT,,,,,
hqDeelt,jmL,44431476,ARTSTUDI-342-02,MASTER'S PROJECT,,,,,
krRlR,blgUkZ,22373605,ARTSTUDI-342-06,MASTER'S PROJECT,,,,,
GFWhE,dEHxkl,57263949,ARTSTUDI-342-07,MASTER'S PROJECT,,,,,
nZJPzNELJLDVmfU,XUXJf,52243997,ARTSTUDI-342-09,MASTER'S PROJECT,,,,,
vxpRlUXyrww,ICnb,97139636,ARTSTUDI-342-09,MASTER'S PROJECT,,,,,
fXqGbx,xTJQ,40475715,ARTSTUDI-342-09,MASTER'S PROJECT,,,,,
RhAnH,LZGFLt,63584569,ARTSTUDI-342C-01,M.F.A SEMINAR,ARTGAL7,HSART-07-090-BLDG CIRC UG,HSART-03-001-AG BASEMENT,,
RDIrxqzWz,LUQtR,26550600,ARTSTUDI-342C-01,M.F.A SEMINAR,ARTGAL7,HSART-07-090-BLDG CIRC UG,HSART-03-001-AG BASEMENT,,
SnSEg,SIbneW,44565790,ARTSTUDI-342C-01,M.F.A SEMINAR,ARTGAL7,HSART-07-090-BLDG CIRC UG,HSART-03-001-AG BASEMENT,,
iKOBkpRNZnMkbDB,lYaTT,71891351,ARTSTUDI-342C-01,M.F.A SEMINAR,ARTGAL7,HSART-07-090-BLDG CIRC UG,HSART-03-001-AG BASEMENT,,
cJfW,VWEM,36045654,ARTSTUDI-342C-01,M.F.A SEMINAR,ARTGAL7,HSART-07-090-BLDG CIRC UG,HSART-03-001-AG BASEMENT,,
QmZLk,EJhZqe,02085528,ARTSTUDI-342C-01,M.F.A SEMINAR,ARTGAL7,HSART-07-090-BLDG CIRC UG,HSART-03-001-AG BASEMENT,,
WMKcuje,exp,39448339,ARTSTUDI-342C-01,M.F.A SEMINAR,ARTGAL7,HSART-07-090-BLDG CIRC UG,HSART-03-001-AG BASEMENT,,
RXauGCPrhxb,eytD,78448940,ARTSTUDI-342C-01,M.F.A SEMINAR,ARTGAL7,HSART-07-090-BLDG CIRC UG,HSART-03-001-AG BASEMENT,,
JaAPSB,BNLp,20649148,ARTSTUDI-342C-01,M.F.A SEMINAR,ARTGAL7,HSART-07-090-BLDG CIRC UG,HSART-03-001-AG BASEMENT,,
cDBUcWG,bmSTLcbp,41475309,ARTHIST-344B-01,MODERN DESIGN FROM THE EIFFEL,ART350,HSART-07-090-BLDG CIRC UG,,,
gJJbc,KyYHX,44741032,ARTHIST-344B-01,MODERN DESIGN FROM THE EIFFEL,ART350,HSART-07-090-BLDG CIRC UG,,,
AtFij,lbSwVcZ,91553050,ARTHIST-344B-01,MODERN DESIGN FROM THE EIFFEL,ART350,HSART-07-090-BLDG CIRC UG,,,
XHEmESR,uGwwYO,05736327,ARTHIST-344B-01,MODERN DESIGN FROM THE EIFFEL,ART350,HSART-07-090-BLDG CIRC UG,,,
cDFms,rMLbs,47005391,ARTHIST-344B-02,MODERN DESIGN FROM THE EIFFEL,,,,,
ssHySUc,QGsyFM,31507757,ARTHIST-344B-02,MODERN DESIGN FROM THE EIFFEL,,,,,
szYeakcJzAjhavT,IAtAmn,25189943,FILMSTUD-347-01,IBERIAN AND LATIN AMERICAN EXP,ART350,HSART-07-090-BLDG CIRC UG,,ART360,
ebsRqv,VBFLVgmb,15415523,FILMSTUD-347-01,IBERIAN AND LATIN AMERICAN EXP,ART350,HSART-07-090-BLDG CIRC UG,,ART360,
Fqhkc,jepdttw,31939845,FILMSTUD-347-01,IBERIAN AND LATIN AMERICAN EXP,ART350,HSART-07-090-BLDG CIRC UG,,ART360,
TmMdyMdi,LMBXvJjaU,12377628,FILMSTUD-347-01,IBERIAN AND LATIN AMERICAN EXP,ART350,HSART-07-090-BLDG CIRC UG,,ART360,
sNvLYNm,WVm,14049500,FILMSTUD-347-01,IBERIAN AND LATIN AMERICAN EXP,ART350,HSART-07-090-BLDG CIRC UG,,ART360,
eTRS,JABx,23683420,FILMSTUD-347-01,IBERIAN AND LATIN AMERICAN EXP,ART350,HSART-07-090-BLDG CIRC UG,,ART360,
iWJM,phbQty,99169621,FILMPROD-403-01,ADVANCED DOCUMENTARY DIRECTING,ART115,HSART-07-090-BLDG CIRC UG,,,
wGmwi,RJRz,36443340,FILMPROD-403-01,ADVANCED DOCUMENTARY DIRECTING,ART115,HSART-07-090-BLDG CIRC UG,,,
TBSiY,atTFvz,43235858,FILMPROD-403-01,ADVANCED DOCUMENTARY DIRECTING,ART115,HSART-07-090-BLDG CIRC UG,,,
RLECap,mMPb,46502569,FILMPROD-403-01,ADVANCED DOCUMENTARY DIRECTING,ART115,HSART-07-090-BLDG CIRC UG,,,
giKAtN,tslS,84883761,FILMPROD-403-01,ADVANCED DOCUMENTARY DIRECTING,ART115,HSART-07-090-BLDG CIRC UG,,,
CxgNKcl,NqeOGxk,33509580,FILMPROD-403-01,ADVANCED DOCUMENTARY DIRECTING,ART115,HSART-07-090-BLDG CIRC UG,,,
xlgwtjHlt,SyfKp,16231270,FILMPROD-403-01,ADVANCED DOCUMENTARY DIRECTING,ART115,HSART-07-090-BLDG CIRC UG,,,
mlqs,wsRBwp,13758608,FILMPROD-404-01,ADVANCED VIDEO PRODUCTION,ART115,HSART-07-090-BLDG CIRC UG,,,
DBlGh,lreu,01445462,FILMPROD-404-01,ADVANCED VIDEO PRODUCTION,ART115,HSART-07-090-BLDG CIRC UG,,,
MJJLC,doFMfn,21429974,FILMPROD-404-01,ADVANCED VIDEO PRODUCTION,ART115,HSART-07-090-BLDG CIRC UG,,,
wSZxWT,majB,79092283,FILMPROD-404-01,ADVANCED VIDEO PRODUCTION,ART115,HSART-07-090-BLDG CIRC UG,,,
VfhpiZ,Mdwx,60089242,FILMPROD-404-01,ADVANCED VIDEO PRODUCTION,ART115,HSART-07-090-BLDG CIRC UG,,,
nVGFoBN,sVIfwRH,95688944,FILMPROD-404-01,ADVANCED VIDEO PRODUCTION,ART115,HSART-07-090-BLDG CIRC UG,,,
XxNkTzjjD,FBfDj,49998595,FILMPROD-404-01,ADVANCED VIDEO PRODUCTION,ART115,HSART-07-090-BLDG CIRC UG,,,
dsZoaGiB,iEmP,75238278,ARTHIST-405A-01,GRADUATE PEDAGOGY COURSE,ART370,HSART-07-090-BLDG CIRC UG,,,
VXlqAs,pOBfZJ,83379608,ARTHIST-405A-01,GRADUATE PEDAGOGY COURSE,ART370,HSART-07-090-BLDG CIRC UG,,,
YNgWa,riNvT,46132922,ARTHIST-405A-01,GRADUATE PEDAGOGY COURSE,ART370,HSART-07-090-BLDG CIRC UG,,,
MHXHL,QMPIhM,38304737,ARTHIST-405A-01,GRADUATE PEDAGOGY COURSE,ART370,HSART-07-090-BLDG CIRC UG,,,
rctXogm,pxCh,63284986,ARTHIST-405A-01,GRADUATE PEDAGOGY COURSE,ART370,HSART-07-090-BLDG CIRC UG,,,
UFlve,iukARPo,25414640,ARTHIST-405A-01,GRADUATE PEDAGOGY COURSE,ART370,HSART-07-090-BLDG CIRC UG,,,
bEaGOq,hXi,55916301,ARTHIST-405A-01,GRADUATE PEDAGOGY COURSE,ART370,HSART-07-090-BLDG CIRC UG,,,
qiIG,gvsRXVbd,91535081,ARTHIST-405A-01,GRADUATE PEDAGOGY COURSE,ART370,HSART-07-090-BLDG CIRC UG,,,
fQfXmtdpetSxYfm,wdHqBD,09300470,FILMPROD-406B-01,DOC MFA THESIS SEMINAR II,ART115,HSART-07-090-BLDG CIRC UG,,,
tZIAa,WoIh,91847971,FILMPROD-406B-01,DOC MFA THESIS SEMINAR II,ART115,HSART-07-090-BLDG CIRC UG,,,
HxiEso,FRjyCxQW,24758576,FILMPROD-406B-01,DOC MFA THESIS SEMINAR II,ART115,HSART-07-090-BLDG CIRC UG,,,
FB,FjVk,35288747,FILMPROD-406B-01,DOC MFA THESIS SEMINAR II,ART115,HSART-07-090-BLDG CIRC UG,,,
yGKpuBBi,OcWmwXuUX,22538233,FILMPROD-406B-01,DOC MFA THESIS SEMINAR II,ART115,HSART-07-090-BLDG CIRC UG,,,
tJlYBVo,Ojk,42163499,FILMPROD-406B-01,DOC MFA THESIS SEMINAR II,ART115,HSART-07-090-BLDG CIRC UG,,,
TJapHeBxMwB,mFGy,70140781,FILMPROD-406B-01,DOC MFA THESIS SEMINAR II,ART115,HSART-07-090-BLDG CIRC UG,,,
LJMUTh,MFoCWu,78773813,FILMPROD-406B-01,DOC MFA THESIS SEMINAR II,ART115,HSART-07-090-BLDG CIRC UG,,,
nude,UGDafi,18474390,ARTHIST-409-01,ICONOCLASM,ART370,HSART-07-090-BLDG CIRC UG,,,
okXSEDbv,Kybl,72251931,ARTHIST-409-01,ICONOCLASM,ART370,HSART-07-090-BLDG CIRC UG,,,
wtsWf,GiYpC,56103623,ARTHIST-409-01,ICONOCLASM,ART370,HSART-07-090-BLDG CIRC UG,,,
dEOWXvFK,vyH,22821613,ARTHIST-409-01,ICONOCLASM,ART370,HSART-07-090-BLDG CIRC UG,,,
vFLuVk,jnS,35299457,ARTHIST-409-01,ICONOCLASM,ART370,HSART-07-090-BLDG CIRC UG,,,
DIdTsafy,nRcd,71991249,FILMSTUD-413-01,GLOBAL MELODRAMA,ART115,HSART-07-090-BLDG CIRC UG,,ART350,
gMKdXy,BonJfp,28024822,ARTHIST-419-01,THE POETICS OF SOFTNESS,ARTGAL7,HSART-07-090-BLDG CIRC UG,HSART-03-001-AG BASEMENT,,
XmSechg,YqfXuiYZ,11994184,ARTHIST-419-01,THE POETICS OF SOFTNESS,ARTGAL7,HSART-07-090-BLDG CIRC UG,HSART-03-001-AG BASEMENT,,
AwVENwsb,BQoBvxb,42421070,ARTHIST-419-01,THE POETICS OF SOFTNESS,ARTGAL7,HSART-07-090-BLDG CIRC UG,HSART-03-001-AG BASEMENT,,
ZtJduj,OHS,07715917,ARTHIST-419-01,THE POETICS OF SOFTNESS,ARTGAL7,HSART-07-090-BLDG CIRC UG,HSART-03-001-AG BASEMENT,,
ADICzeA,vOGbqr,02056048,ARTHIST-419-01,THE POETICS OF SOFTNESS,ARTGAL7,HSART-07-090-BLDG CIRC UG,HSART-03-001-AG BASEMENT,,
GaQQ,NwEtnZ,40807530,ARTHIST-423-01,LIVING IN THE MATERIAL WORLD,ART370,HSART-07-090-BLDG CIRC UG,,,
kAQdXQvQ,lrBo,34460313,ARTHIST-423-01,LIVING IN THE MATERIAL WORLD,ART370,HSART-07-090-BLDG CIRC UG,,,
CzynIMOx,ykVVu,80200916,ARTHIST-423-01,LIVING IN THE MATERIAL WORLD,ART370,HSART-07-090-BLDG CIRC UG,,,
LimKr,TMPbwbkWc,66289484,ARTHIST-423-01,LIVING IN THE MATERIAL WORLD,ART370,HSART-07-090-BLDG CIRC UG,,,
QwjRMcnVq,mpx,01481618,ARTHIST-423-01,LIVING IN THE MATERIAL WORLD,ART370,HSART-07-090-BLDG CIRC UG,,,
ANFht,ERPuM,96043077,ARTHIST-423-01,LIVING IN THE MATERIAL WORLD,ART370,HSART-07-090-BLDG CIRC UG,,,
JXtKo,zwLxhZr,78457934,ARTHIST-423-01,LIVING IN THE MATERIAL WORLD,ART370,HSART-07-090-BLDG CIRC UG,,,
PrAlMN,AUvUFu,16877265,ARTHIST-423-01,LIVING IN THE MATERIAL WORLD,ART370,HSART-07-090-BLDG CIRC UG,,,
lKfpQzra,OulWR,47511436,ARTHIST-423-01,LIVING IN THE MATERIAL WORLD,ART370,HSART-07-090-BLDG CIRC UG,,,
DvSEx,AFWPKE,73577425,FILMSTUD-423-01,SERIALITY,ART360,HSART-07-090-BLDG CIRC UG,,ART350,
mtbgvoiXMJbhlR,iLEvOEtnNRN,82300836,FILMSTUD-423-01,SERIALITY,ART360,HSART-07-090-BLDG CIRC UG,,ART350,
BLkSk,TtWMLfH,31139698,FILMSTUD-423-01,SERIALITY,ART360,HSART-07-090-BLDG CIRC UG,,ART350,
tDbDrBaaQT,AWcftz,34594045,ARTHIST-477-01,"FOLK, OUTSIDER, SELF-TAUGHT",ART370,HSART-07-090-BLDG CIRC UG,,,
FFeQ,NgYMZv,73877735,ARTHIST-477-01,"FOLK, OUTSIDER, SELF-TAUGHT",ART370,HSART-07-090-BLDG CIRC UG,,,
DMtEra,xAHyPG,53913496,ARTHIST-477-01,"FOLK, OUTSIDER, SELF-TAUGHT",ART370,HSART-07-090-BLDG CIRC UG,,,
EQRYRPMA,ZrZIK,10178154,ARTHIST-477-01,"FOLK, OUTSIDER, SELF-TAUGHT",ART370,HSART-07-090-BLDG CIRC UG,,,
qtzdmwjnf,ABt,20570197,ARTHIST-477-01,"FOLK, OUTSIDER, SELF-TAUGHT",ART370,HSART-07-090-BLDG CIRC UG,,,
Yyvnd,aMPwGj,62979614,ARTHIST-477-01,"FOLK, OUTSIDER, SELF-TAUGHT",ART370,HSART-07-090-BLDG CIRC UG,,,
VtVeWr,TQQOc,62174510,ARTHIST-477-01,"FOLK, OUTSIDER, SELF-TAUGHT",ART370,HSART-07-090-BLDG CIRC UG,,,
EiHuAiL,KXBX,35328265,ARTHIST-477-01,"FOLK, OUTSIDER, SELF-TAUGHT",ART370,HSART-07-090-BLDG CIRC UG,,,
vFCkUAs,YSM,10833325,ARTHIST-477-01,"FOLK, OUTSIDER, SELF-TAUGHT",ART370,HSART-07-090-BLDG CIRC UG,,,
XfXy,VlxL,89657834,ARTHIST-477-01,"FOLK, OUTSIDER, SELF-TAUGHT",ART370,HSART-07-090-BLDG CIRC UG,,,
oBebKK,ETD,69685220,ARTHIST-477-01,"FOLK, OUTSIDER, SELF-TAUGHT",ART370,HSART-07-090-BLDG CIRC UG,,,
XrJfjUtCO,whnLA,79915494,ARTHIST-477-01,"FOLK, OUTSIDER, SELF-TAUGHT",ART370,HSART-07-090-BLDG CIRC UG,,,
PJgd,bTFdfLoP,94257945,ARTHIST-477-01,"FOLK, OUTSIDER, SELF-TAUGHT",ART370,HSART-07-090-BLDG CIRC UG,,,
AVeqcBrbZ,UYWtl,41180666,ARTHIST-477-01,"FOLK, OUTSIDER, SELF-TAUGHT",ART370,HSART-07-090-BLDG CIRC UG,,,
IjvQKxf,VduiLV,22607669,ARTHIST-477-01,"FOLK, OUTSIDER, SELF-TAUGHT",ART370,HSART-07-090-BLDG CIRC UG,,,
OqkZvDlo,MdirS,15831395,ARTHIST-477-01,"FOLK, OUTSIDER, SELF-TAUGHT",ART370,HSART-07-090-BLDG CIRC UG,,,
GZcPPLpeUgfI,OEVAarPVXP,23974810,ARTHIST-620-19,QUALIFYING EXAM PREPARATION,,,,,
bpuNWNi,ZorK,45809458,ARTHIST-620-20,QUALIFYING EXAM PREPARATION,,,,,
UvnQ,PdmOZlRQ,16749237,ARTHIST-640-20,DISSERTATION PROPOSAL PREP,,,,,
fxQeGvr,enZL,90050648,ARTHIST-650-21,DISSERTATION RESEARCH,,,,,
pPVD,ngLvbF,78152980,ARTHIST-660-10,INDEPENDENT STUDY,,,,,
xaNvDddB,vpKvm,63049024,ARTHIST-660-10,INDEPENDENT STUDY,,,,,
ttNC,Ghrnb,89485560,ARTHIST-660-17,INDEPENDENT STUDY,,,,,
WGdV,nUrk,84986865,ARTHIST-660-21,INDEPENDENT STUDY,,,,,
sMAjXIpd,mOfxRna,30151350,ARTHIST-660-21,INDEPENDENT STUDY,,,,,
sqtM,DJZeFOiM,12658189,ARTHIST-660-21,INDEPENDENT STUDY,,,,,
ivsj,trZR,39824279,ARTHIST-660-22,INDEPENDENT STUDY,,,,,
eJtGG,YyipAJE,66184526,FILMSTUD-660E-04,EXTENDED SEMINAR,,,,,
zTHu,OlCTyhA,38573910,ARTHIST-680-02,CURRICULAR PRACTICAL TRAINING,,,,,
kUNNXkeAs,FGgHv,58949590,ARTSTUDI-801-08,TGR PROJECT,,,,,
mIiXL,CnDDPY,86508101,ARTSTUDI-801-08,TGR PROJECT,,,,,
smnfgjHTxUK,CkLA,92730319,ARTSTUDI-801-08,TGR PROJECT,,,,,
RxtDcc,jvkQ,04494283,ARTSTUDI-801-08,TGR PROJECT,,,,,
FaPJl,hXEQo,15786268,ARTHIST-802-02,TGR DISSERTATION,,,,,
SUlcPui,XpyB,34214354,ARTHIST-802-06,TGR DISSERTATION,,,,,
NxCjz,LjrrLt,99387765,ARTHIST-802-06,TGR DISSERTATION,,,,,
CsWwvgj,Cqhx,85766357,ARTHIST-802-06,TGR DISSERTATION,,,,,
fIH,gQNOE,87765374,ARTHIST-802-09,TGR DISSERTATION,,,,,
iqwLm,zxcYSo,64941778,ARTHIST-802-09,TGR DISSERTATION,,,,,
YEem,Qmqf,91653929,ARTHIST-802-14,TGR DISSERTATION,,,,,
sXfPCmlyF,uvsm,55844215,ARTHIST-802-17,TGR DISSERTATION,,,,,
zxby,ijMXLxj,12922134,ARTHIST-802-17,TGR DISSERTATION,,,,,
KEfJaiifA,uWZzPg,51298063,ARTHIST-802-20,TGR DISSERTATION,,,,,
RTEMNqfvWo,MiJoeEovpngA,58260202,ARTHIST-802-20,TGR DISSERTATION,,,,,
wOjmYwa,Hqceb,90203520,ARTHIST-802-20,TGR DISSERTATION,,,,,
PqqVepY,IUsaIG,79372120,ARTHIST-802-20,TGR DISSERTATION,,,,,
oMLwbkF,RSjn,46840096,ARTHIST-802-21,TGR DISSERTATION,,,,,
oqJdUrW,PCoy,91585276,ARTHIST-802-22,TGR DISSERTATION,,,,,
,,,--,,,,,,
