last,first,id,course-id,course-title
qhiY,ELORG,90720687,ARTHIST-3-01,HISTORY OF ARCHITECTURE
PPydoc,fNZqmUJ,99820423,ARTHIST-3-01,HISTORY OF ARCHITECTURE
jPIOPTmaa,xMxXNJli,73208912,ARTHIST-3-01,HISTORY OF ARCHITECTURE
mwQ,hFwmcaYsS,02851103,ARTHIST-3-01,HISTORY OF ARCHITECTURE
CEZAnwAN,aRr,56869514,ARTHIST-3-01,HISTORY OF ARCHITECTURE
VfKzeAy,KUWSCGH,33777492,ARTHIST-3-01,HISTORY OF ARCHITECTURE
fAoRmBZ,fdkac,28375772,ARTHIST-3-01,HISTORY OF ARCHITECTURE
gnSFC,VVufz,31863722,ARTHIST-3-01,HISTORY OF ARCHITECTURE
BRg,wysZazGs,30519342,ARTHIST-3-01,HISTORY OF ARCHITECTURE
pQuWFZ,hnBb,02614442,ARTHIST-3-01,HISTORY OF ARCHITECTURE
huTGsz,aQsh,09907481,ARTHIST-3-01,HISTORY OF ARCHITECTURE
FQWAXGxuF,IcZxA,48087221,ARTHIST-3-01,HISTORY OF ARCHITECTURE
AGzVY,LfFnPvYl,10706195,ARTHIST-3-01,HISTORY OF ARCHITECTURE
APIRd,jJoWlsFsf,16831867,ARTHIST-3-01,HISTORY OF ARCHITECTURE
idl,fupKmZ,36880968,ARTHIST-3-01,HISTORY OF ARCHITECTURE
DVkNxFOM,ApxOyl,37832034,ARTHIST-3-01,HISTORY OF ARCHITECTURE
tiXMfODcoKYv,LyNG,75555700,ARTHIST-3-01,HISTORY OF ARCHITECTURE
FhXJF,SkuZY,54302878,ARTHIST-3-01,HISTORY OF ARCHITECTURE
DjJOZqjPTdvqS,jHWC,80969485,ARTHIST-3-01,HISTORY OF ARCHITECTURE
iQ,rgWOetqJ,07863067,ARTHIST-3-01,HISTORY OF ARCHITECTURE
oAtTCMA,bGMZmte,52537264,ARTHIST-3-01,HISTORY OF ARCHITECTURE
YxIYmSrtV,sczgW,63625088,ARTHIST-3-01,HISTORY OF ARCHITECTURE
myJGKz,OxmYg,22329878,ARTHIST-3-01,HISTORY OF ARCHITECTURE
LyLiAFPB,Gmo,42753702,ARTHIST-3-01,HISTORY OF ARCHITECTURE
pQNWpwgpz,XjxBzJ,98919510,ARTHIST-3-01,HISTORY OF ARCHITECTURE
YFxtm,nwUNiHQJ,17876218,ARTHIST-3-01,HISTORY OF ARCHITECTURE
wulndS,IlJp,01971717,ARTHIST-3-01,HISTORY OF ARCHITECTURE
cWWZoa,iwILO,63428267,ARTHIST-3-01,HISTORY OF ARCHITECTURE
dlEFe,tWAMUp,82642869,ARTHIST-3-01,HISTORY OF ARCHITECTURE
LcgsEV,KkMl,77017955,ARTHIST-3-01,HISTORY OF ARCHITECTURE
XbVRhGmVKMjb,fdxQh,02293631,ARTHIST-3-01,HISTORY OF ARCHITECTURE
jSKyw,xxnsMB,85681834,ARTHIST-3-01,HISTORY OF ARCHITECTURE
mVFaGvMaX,QttOyc,16780875,ARTHIST-3-01,HISTORY OF ARCHITECTURE
tltQdTa,mTXD,46479482,ARTHIST-3-01,HISTORY OF ARCHITECTURE
ISpF,jyDPpE,11563298,ARTHIST-3-01,HISTORY OF ARCHITECTURE
hhVpss,SIQhoey,44811722,ARTHIST-3-01,HISTORY OF ARCHITECTURE
ZsQEsuQ,mAkiD,30656894,ARTHIST-3-02,HISTORY OF ARCHITECTURE
KJWJa,sfcEU,09066678,ARTHIST-3-02,HISTORY OF ARCHITECTURE
PHxGBM,IXFk,76376091,ARTHIST-3-02,HISTORY OF ARCHITECTURE
KbWHcr,mDqH,82162340,ARTHIST-3-02,HISTORY OF ARCHITECTURE
jbopVcDmQuCCG,qzic,70730976,ARTHIST-3-02,HISTORY OF ARCHITECTURE
NWQtLwk,CiOGPYl,08706716,ARTHIST-3-02,HISTORY OF ARCHITECTURE
FxhJG,zRTReknh,48700065,ARTHIST-3-02,HISTORY OF ARCHITECTURE
vuQUvF,JGrNn,26620901,ARTHIST-3-02,HISTORY OF ARCHITECTURE
vFlMdZyOh,UQUAjY,92121129,ARTHIST-3-02,HISTORY OF ARCHITECTURE
xeON,xGFsgG,31335804,ARTHIST-3-02,HISTORY OF ARCHITECTURE
cDYk,xPpPT,64877206,ARTHIST-3-03,HISTORY OF ARCHITECTURE
zBq,eCzwxcirL,91017573,ARTHIST-3-03,HISTORY OF ARCHITECTURE
idozNnWm,ZdW,04196393,ARTHIST-3-03,HISTORY OF ARCHITECTURE
cLAhudW,OqKxtqD,56668547,ARTHIST-3-03,HISTORY OF ARCHITECTURE
ias,NKfRxb,02198209,ARTHIST-3-03,HISTORY OF ARCHITECTURE
ITqvTSen,VdlqjY,64118942,ARTHIST-3-03,HISTORY OF ARCHITECTURE
PHVdEHaYuPZx,MAoI,02823615,ARTHIST-3-03,HISTORY OF ARCHITECTURE
Scgijv,kNiHV,83372522,ARTHIST-3-03,HISTORY OF ARCHITECTURE
nBuJoUDh,nzK,42833187,ARTHIST-3-03,HISTORY OF ARCHITECTURE
lEytDDzPG,vLcILY,54580201,ARTHIST-3-03,HISTORY OF ARCHITECTURE
HoHBfp,bpTz,42176205,ARTHIST-3-03,HISTORY OF ARCHITECTURE
eXvGR,mBqDWs,09393306,ARTHIST-3-03,HISTORY OF ARCHITECTURE
KZhYpG,ZNuK,06976350,ARTHIST-3-03,HISTORY OF ARCHITECTURE
frQNz,qGrwzL,58455560,ARTHIST-3-03,HISTORY OF ARCHITECTURE
VDeaGM,FneSqPu,12603912,ARTHIST-3-04,HISTORY OF ARCHITECTURE
FdXywdISx,rmOWNYLJ,56859055,ARTHIST-3-04,HISTORY OF ARCHITECTURE
AzX,dQzprFnB,71949108,ARTHIST-3-04,HISTORY OF ARCHITECTURE
WjDcGryKm,RtSAp,35099433,ARTHIST-3-04,HISTORY OF ARCHITECTURE
JAfKV,UFZPboUV,79336919,ARTHIST-3-04,HISTORY OF ARCHITECTURE
gledb,kaSDAwRCe,64764760,ARTHIST-3-04,HISTORY OF ARCHITECTURE
TKcaP,kkRrl,68318758,ARTHIST-3-04,HISTORY OF ARCHITECTURE
DK,lYqPZyBj,50139745,ARTHIST-3-04,HISTORY OF ARCHITECTURE
cAFVHLtYW,IPzhc,35571006,ARTHIST-3-04,HISTORY OF ARCHITECTURE
RMdWsCYjtuOK,obYUE,71117092,ARTHIST-3-04,HISTORY OF ARCHITECTURE
OZrwinL,UbFz,68515334,ARTHIST-3-04,HISTORY OF ARCHITECTURE
OXyDjw,OoOXvUv,65146321,ARTHIST-3-04,HISTORY OF ARCHITECTURE
oqoaQMnjHz,IWXWRW,73860365,ARTHIST-36-01,DANGEROUS IDEAS
ZtKxjtIRh,MbOmAF,42575822,ARTHIST-36-01,DANGEROUS IDEAS
xc,toUMI,37496598,ARTHIST-36-01,DANGEROUS IDEAS
MTyscnZt,cNjyWDNa,26231973,ARTHIST-36-01,DANGEROUS IDEAS
zhwN,TjRnxlK,36213868,ARTHIST-36-01,DANGEROUS IDEAS
QGQg,rOvz,89069031,ARTHIST-36-01,DANGEROUS IDEAS
YLPA,XOrS,00285232,ARTHIST-36-01,DANGEROUS IDEAS
lvVTBsfL,ztjGR,95868165,ARTHIST-36-01,DANGEROUS IDEAS
yfnlRAL,Pspachw,03496597,ARTHIST-36-01,DANGEROUS IDEAS
uDEomR,OseEMTf,99475430,ARTHIST-36-01,DANGEROUS IDEAS
OqCWVM,Dcd,02145576,ARTHIST-36-01,DANGEROUS IDEAS
KYXthbP,Rjd,94856748,ARTHIST-36-01,DANGEROUS IDEAS
kIzimWUV,snL,00855227,ARTHIST-36-01,DANGEROUS IDEAS
KpgndT,FmZp,99658432,ARTHIST-36-01,DANGEROUS IDEAS
WxXBCtodDxh,vXAdm,10251606,ARTHIST-36-01,DANGEROUS IDEAS
UbUz,ZdRLVPupC,88765203,ARTHIST-36-01,DANGEROUS IDEAS
SmaV,kCxfXt,41133305,ARTHIST-36-01,DANGEROUS IDEAS
gZrstXV,TzjGuqG,52953000,ARTHIST-36-01,DANGEROUS IDEAS
twU,ikSeY,56582718,ARTHIST-36-01,DANGEROUS IDEAS
hnbbRRS,CoHMk,96701995,ARTHIST-36-01,DANGEROUS IDEAS
SjBtAL,HwIo,55899304,ARTHIST-36-01,DANGEROUS IDEAS
fDK,dnHRES,06933563,ARTHIST-36-01,DANGEROUS IDEAS
MXOjl,fWOYT,18357649,ARTHIST-36-01,DANGEROUS IDEAS
PJXYs,toal,42164285,ARTHIST-36-01,DANGEROUS IDEAS
ZYmiQg,jTX,69481683,ARTHIST-36-01,DANGEROUS IDEAS
CqmiprfCMre,ePhO,69451153,ARTHIST-36-01,DANGEROUS IDEAS
SyviAzHY,CQel,34939756,ARTHIST-36-01,DANGEROUS IDEAS
XfMZvlM,xXYYpA,77808805,ARTHIST-36-01,DANGEROUS IDEAS
NUgaNh,EdOZI,28090447,ARTHIST-36-01,DANGEROUS IDEAS
RcKKs,qrgBX,78300636,ARTHIST-36-01,DANGEROUS IDEAS
ZmMRuex,pRned,72100866,ARTHIST-36-01,DANGEROUS IDEAS
TTyK,fzJkFc,74310901,ARTHIST-36-01,DANGEROUS IDEAS
WmxFOtyjv,djxuBle,05496219,FILMSTUD-100C-01,WORLD CINEMA III
kNidyz,UuFlt,18640813,FILMSTUD-100C-01,WORLD CINEMA III
MrFPWjh,fZfZlF,08727438,FILMSTUD-100C-01,WORLD CINEMA III
YpTt,tJUSUk,24191684,FILMSTUD-100C-01,WORLD CINEMA III
NgiOmzkOM,SDYbYGE,42503600,FILMSTUD-100C-01,WORLD CINEMA III
WZnLvmY,LgAv,62703239,FILMSTUD-100C-01,WORLD CINEMA III
IMfaGeUt,XtRNC,28704360,FILMSTUD-100C-01,WORLD CINEMA III
NqETND,RevWp,46975963,FILMSTUD-100C-01,WORLD CINEMA III
mqjBzwTF,WDmcs,84458299,FILMSTUD-100C-01,WORLD CINEMA III
uqMh,TimaG,54746331,FILMSTUD-100C-01,WORLD CINEMA III
SVTzKQFKv,nHSpJ,43601184,FILMSTUD-100C-01,WORLD CINEMA III
CFaTnEGlu,AXByvvq,87811018,FILMSTUD-100C-02,WORLD CINEMA III
wcChUW,mDgjT,45484182,FILMSTUD-100C-02,WORLD CINEMA III
NQkdqea,FyHCIJ,02186010,FILMSTUD-100C-02,WORLD CINEMA III
OwAa,AfBFBS,02507705,FILMSTUD-100C-02,WORLD CINEMA III
WiUDHBgJf,JPAFQLY,26314167,FILMSTUD-100C-02,WORLD CINEMA III
fpYxIbU,kdYJ,34090900,FILMSTUD-100C-02,WORLD CINEMA III
KNIhYlBN,KRGDX,20882122,FILMSTUD-100C-02,WORLD CINEMA III
tbsEYU,ADoao,76893267,FILMSTUD-100C-02,WORLD CINEMA III
AGHZLtMP,aNVzA,05802479,FILMSTUD-100C-02,WORLD CINEMA III
hIZV,cyqBL,94523504,FILMSTUD-100C-02,WORLD CINEMA III
jIcwoMNPI,VeADM,25278072,FILMSTUD-100C-02,WORLD CINEMA III
mWJSMWoa,TAtWm,63465010,ARTHIST-100N-01,THE ARTIST IN GREEK SOCIETY
aHgnnK,hDBLo,25787893,ARTHIST-100N-01,THE ARTIST IN GREEK SOCIETY
EGpdiwz,qsdJs,76876394,ARTHIST-100N-01,THE ARTIST IN GREEK SOCIETY
wOqmRoMm,XZNKU,99426025,ARTHIST-100N-01,THE ARTIST IN GREEK SOCIETY
TQGKobe,CFpEI,42350155,ARTHIST-100N-01,THE ARTIST IN GREEK SOCIETY
ySZMRXNN,cwMj,57382603,FILMSTUD-102-01,THEORIES OF MOVING IMAGE
kkqTPvk,UBZi,60431236,FILMSTUD-102-01,THEORIES OF MOVING IMAGE
vVLCWkf,Oge,18718243,FILMSTUD-102-01,THEORIES OF MOVING IMAGE
gyOqmvds,DEQHWNDYG,96136823,FILMSTUD-102-01,THEORIES OF MOVING IMAGE
bSgGVrEYuskE,WhohjkF,91784023,FILMSTUD-102-01,THEORIES OF MOVING IMAGE
PkLy,HEZUit,22582804,FILMSTUD-102-01,THEORIES OF MOVING IMAGE
gToRt,YHwVk,37950193,FILMSTUD-102-01,THEORIES OF MOVING IMAGE
zgXiH,mKiZbT,14660221,FILMPROD-104-01,SCREENWRITING II
fJBLzzYpPbzj,aEyH,96087477,FILMPROD-104-01,SCREENWRITING II
ql,cfEIt,78719550,FILMPROD-104-01,SCREENWRITING II
rMEPYOcoI,GygUFOhWuI,89625587,FILMPROD-104-01,SCREENWRITING II
UObCbq,oaM,60518361,FILMPROD-104-01,SCREENWRITING II
RZMKrv,zjDq,26489803,FILMPROD-104-01,SCREENWRITING II
yOcT,uDJFEQ,53999226,FILMPROD-104-01,SCREENWRITING II
qrRApUpr,dyiKV,42981932,FILMPROD-104-01,SCREENWRITING II
oppNk,uCbdSy,02497749,FILMPROD-104-01,SCREENWRITING II
IalKD,mWwwKxxR,08512281,FILMPROD-104-01,SCREENWRITING II
WBrlbX,mQRAMGe,79855330,FILMPROD-104-01,SCREENWRITING II
JTPvhxDcM,IbG,17493939,FILMPROD-104-01,SCREENWRITING II
TUNJUhCJn,YXEq,98867370,FILMPROD-105-01,SCRIPT ANALYSIS
PNVXZAuQ,MGLeoij,09450969,FILMPROD-105-01,SCRIPT ANALYSIS
hYgU,bhSwa,04992096,FILMPROD-105-01,SCRIPT ANALYSIS
LfkvAp,rKnAu,97545813,FILMPROD-105-01,SCRIPT ANALYSIS
csEeDNpBIw,euWm,81524839,FILMPROD-105-01,SCRIPT ANALYSIS
slPkx,jGEjD,76935287,FILMPROD-105-01,SCRIPT ANALYSIS
QGMYpuZnjp,YOXs,65351729,FILMPROD-105-01,SCRIPT ANALYSIS
igS,TtmMEEG,08093839,FILMPROD-105-01,SCRIPT ANALYSIS
fn,uajUW,47291144,FILMPROD-105-01,SCRIPT ANALYSIS
toAra,iwTbp,90312169,FILMPROD-105-01,SCRIPT ANALYSIS
hDNI,jsMo,52115210,FILMPROD-105-01,SCRIPT ANALYSIS
RNIVFt,gBwJd,30102120,FILMPROD-105-01,SCRIPT ANALYSIS
IZDVr,kfBLB,75894028,FILMPROD-105-01,SCRIPT ANALYSIS
YJnYewR,EsBh,71504593,FILMPROD-105-01,SCRIPT ANALYSIS
oUgiZMGN,poOpfAl,50895097,FILMPROD-105-01,SCRIPT ANALYSIS
GUUYPbYs,hmkYG,11895063,FILMPROD-105-01,SCRIPT ANALYSIS
LkyTIYGu,xsyBLRH,95934276,FILMPROD-105-01,SCRIPT ANALYSIS
utVPPHm,knpBWr,99714636,FILMPROD-105-01,SCRIPT ANALYSIS
VBTaBlqX,wEJCdQbJ,80104088,FILMPROD-105-01,SCRIPT ANALYSIS
ETEtHk,gHCp,04041306,FILMPROD-105-01,SCRIPT ANALYSIS
lNETh,ySfpQp,66422333,FILMPROD-105-01,SCRIPT ANALYSIS
rsTS,MLyBJRiv,02891082,FILMPROD-105-01,SCRIPT ANALYSIS
ZIFK,GpDYyB,37226348,FILMPROD-105-01,SCRIPT ANALYSIS
ltBrq,SeXtZMdA,12918506,FILMPROD-105-01,SCRIPT ANALYSIS
QqdDKUc,dMt,08820165,FILMPROD-105-01,SCRIPT ANALYSIS
KSBrtgoM,gANFO,34754841,ARTHIST-105B-01,MEDIEVAL JOURNEYS: ART
zFJgF,oXjPgt,43346955,ARTHIST-105B-01,MEDIEVAL JOURNEYS: ART
XOtry,hAPVJdp,70871860,ARTHIST-105B-01,MEDIEVAL JOURNEYS: ART
LZUZCu,yART,63823007,ARTHIST-105B-01,MEDIEVAL JOURNEYS: ART
PGsrM,vbVTW,29443284,ARTHIST-105B-01,MEDIEVAL JOURNEYS: ART
AIwmne,vGhjo,69662368,ARTHIST-105B-01,MEDIEVAL JOURNEYS: ART
oYqkEWg,IcZkTN,32901099,ARTHIST-105B-01,MEDIEVAL JOURNEYS: ART
OPesCpEDg,YDNrRT,72169254,ARTHIST-105B-01,MEDIEVAL JOURNEYS: ART
xVTB,kdxmNdY,42759327,ARTHIST-105B-01,MEDIEVAL JOURNEYS: ART
NlsJgHC,bTSn,42797129,ARTHIST-105B-01,MEDIEVAL JOURNEYS: ART
mGUsChd,eyMI,25801994,ARTHIST-105B-01,MEDIEVAL JOURNEYS: ART
vUwHSy,eUKjVdl,28359282,ARTHIST-105B-01,MEDIEVAL JOURNEYS: ART
NbxLk,jAwbUi,21031235,ARTHIST-105B-02,MEDIEVAL JOURNEYS: ART
Fjnym,VmNPfmH,06076360,ARTHIST-105B-02,MEDIEVAL JOURNEYS: ART
sIMrXV,ytFv,04770941,ARTHIST-105B-02,MEDIEVAL JOURNEYS: ART
hsDKn,XAxEL,42381147,ARTHIST-105B-02,MEDIEVAL JOURNEYS: ART
PDfZuV,fueSI,89448564,ARTHIST-105B-02,MEDIEVAL JOURNEYS: ART
bojKlYK,VDIC,36530076,ARTHIST-105B-02,MEDIEVAL JOURNEYS: ART
ydufgdC,QQRV,85173146,ARTHIST-105B-02,MEDIEVAL JOURNEYS: ART
ztwbkR,igcnlUx,13518348,ARTHIST-105B-02,MEDIEVAL JOURNEYS: ART
xhQiaIzY,evIhp,76016964,ARTHIST-105B-03,MEDIEVAL JOURNEYS: ART
sNWKQVI,qZmvkz,63816380,ARTHIST-105B-03,MEDIEVAL JOURNEYS: ART
IyGSmLoRB,KTHZKr,50120936,ARTHIST-105B-03,MEDIEVAL JOURNEYS: ART
seHS,RPuDhrf,77321395,ARTHIST-105B-03,MEDIEVAL JOURNEYS: ART
XMsjy,mdmGvoQ,37615109,FILMPROD-106-01,IMAGE AND SOUND: FILMMAKING
tUSloDKwJEa,XfIHU,04522792,FILMPROD-106-01,IMAGE AND SOUND: FILMMAKING
EtJbn,LYFwyQ,83081169,FILMPROD-106-01,IMAGE AND SOUND: FILMMAKING
huTD,cDZhIEt,23297967,FILMPROD-106-01,IMAGE AND SOUND: FILMMAKING
PlMNRksdj,YjIkUpor,08391321,FILMPROD-106-01,IMAGE AND SOUND: FILMMAKING
IAEV,aFXWCN,95411209,FILMPROD-106-01,IMAGE AND SOUND: FILMMAKING
OIPdKSgyP,RMOFf,79001267,FILMPROD-106-01,IMAGE AND SOUND: FILMMAKING
zNqJXTQchafnQo,JlmyFE,77039808,FILMPROD-106-01,IMAGE AND SOUND: FILMMAKING
uTpo,DGcpmx,20446622,FILMPROD-106-01,IMAGE AND SOUND: FILMMAKING
MDUakvAVw,DlK,47496380,FILMPROD-106-01,IMAGE AND SOUND: FILMMAKING
IWo,oLmHkMlwb,59208689,FILMPROD-106-01,IMAGE AND SOUND: FILMMAKING
VBpkKATTEuMG,jmRtH,52467807,FILMPROD-106-01,IMAGE AND SOUND: FILMMAKING
GFn,JLv,62216668,FILMPROD-106-01,IMAGE AND SOUND: FILMMAKING
Izt,hyZDJ,43904558,FILMPROD-106-01,IMAGE AND SOUND: FILMMAKING
iHdZ,fxTiGf,27303446,FILMPROD-106-01,IMAGE AND SOUND: FILMMAKING
AxSkOL,OgItlHMmR,62646035,FILMPROD-106-01,IMAGE AND SOUND: FILMMAKING
VptgWvx,LRGbBEI,17139632,FILMPROD-106-01,IMAGE AND SOUND: FILMMAKING
pfyHoIsGN,KLYplBI,75156957,FILMPROD-106-01,IMAGE AND SOUND: FILMMAKING
nrdDKbIiW,GGLYWv,82098372,FILMPROD-106-01,IMAGE AND SOUND: FILMMAKING
RwEBrR,HMWbgQ,83738467,FILMPROD-106-01,IMAGE AND SOUND: FILMMAKING
MIIdEtj,mmOdFhJ,82875677,FILMPROD-106-01,IMAGE AND SOUND: FILMMAKING
Sems,mkYi,30754081,FILMPROD-106-01,IMAGE AND SOUND: FILMMAKING
sFzGSMzW,EeJF,98850063,FILMPROD-106-01,IMAGE AND SOUND: FILMMAKING
IGPbUNG,vBPWDl,41368308,FILMPROD-106-01,IMAGE AND SOUND: FILMMAKING
fZujq,wXUs,99366882,FILMPROD-106-01,IMAGE AND SOUND: FILMMAKING
FNfm,cBJIqg,30161680,FILMPROD-106-01,IMAGE AND SOUND: FILMMAKING
OSub,MaMf,35795628,FILMPROD-106-01,IMAGE AND SOUND: FILMMAKING
Tklg,FSrkD,88184306,FILMPROD-106-01,IMAGE AND SOUND: FILMMAKING
eTtQe,zhIEqz,51489480,FILMPROD-106-01,IMAGE AND SOUND: FILMMAKING
zocLbAOw,Ot,29688664,FILMPROD-106-01,IMAGE AND SOUND: FILMMAKING
jVKPluVDkUfgbawkoK,ZqJIqPJ,66247935,FILMPROD-106-01,IMAGE AND SOUND: FILMMAKING
yxCDdkHhkj,ORQOyjA,57756916,FILMPROD-114-01,INTRO TO FILM/VIDEO PROD
rcgV,WEQIX,32222337,FILMPROD-114-01,INTRO TO FILM/VIDEO PROD
rmKIau,pHGOqv,71828322,FILMPROD-114-01,INTRO TO FILM/VIDEO PROD
uPMklXEKF,FJx,78867888,FILMPROD-114-01,INTRO TO FILM/VIDEO PROD
ceCeeRY,hULsMhmd,82040496,FILMPROD-114-01,INTRO TO FILM/VIDEO PROD
NcRU,Lkfv,56429506,FILMPROD-114-01,INTRO TO FILM/VIDEO PROD
cfLGpDnF,fzseTgcQH,74753025,FILMPROD-114-01,INTRO TO FILM/VIDEO PROD
plhHfhN,sNBV,51097847,FILMPROD-114-01,INTRO TO FILM/VIDEO PROD
dUtGVzd,vpHX,14575459,FILMPROD-114-01,INTRO TO FILM/VIDEO PROD
JozJz,KQWty,43620240,FILMPROD-114-01,INTRO TO FILM/VIDEO PROD
kCPjrJc,kaiLCP,44099019,FILMPROD-114-01,INTRO TO FILM/VIDEO PROD
muzYZT,SQii,30970251,FILMPROD-114-01,INTRO TO FILM/VIDEO PROD
Vmzcq,yinUC,29638293,FILMPROD-114-01,INTRO TO FILM/VIDEO PROD
GTtVYhH,TPRGz,63182162,FILMPROD-114-01,INTRO TO FILM/VIDEO PROD
yAuRuWYR,EMoW,85847167,FILMSTUD-119-01,SCIENCE FICTION
Jagz,iosnbK,67627315,FILMSTUD-119-01,SCIENCE FICTION
ZdlPG,OmUJK,58978064,FILMSTUD-119-01,SCIENCE FICTION
PTjXCSYy,OCLkYL,35119472,FILMSTUD-119-01,SCIENCE FICTION
xxLsR,ZhxZVsZ,22547400,FILMSTUD-119-01,SCIENCE FICTION
uipI,rFSfNsw,81959150,FILMSTUD-119-01,SCIENCE FICTION
bBxnPl,wPbcr,10392618,FILMSTUD-119-01,SCIENCE FICTION
EGejaO,nCUhU,27926874,FILMSTUD-119-01,SCIENCE FICTION
KrccsGVi,hxPxmcmY,72471774,FILMSTUD-119-01,SCIENCE FICTION
CdGEg,sZBxb,83591472,FILMSTUD-119-01,SCIENCE FICTION
FmJbGvD,TOE,64175191,FILMSTUD-119-01,SCIENCE FICTION
uQpUlPw,qcDMk,44585623,FILMSTUD-119-01,SCIENCE FICTION
gEHMOzro,sKXZz,80635328,FILMSTUD-119-01,SCIENCE FICTION
ZoxnR,BTUyq,80076693,ARTHIST-122-01,THE AGE OF REVOLUTION
ExBtbNnK,cBueL,58050632,ARTHIST-122-01,THE AGE OF REVOLUTION
qIIBTMO,YUQsY,66572836,ARTHIST-122-01,THE AGE OF REVOLUTION
EafVg,SuJVSoRS,77638801,ARTHIST-122-01,THE AGE OF REVOLUTION
jwgXMG,XlSTHp,72974605,ARTHIST-122-01,THE AGE OF REVOLUTION
TWklKt,rLNffY,47775419,ARTHIST-122-01,THE AGE OF REVOLUTION
YowevrtKCX,pMx,93672385,ARTHIST-122-01,THE AGE OF REVOLUTION
gRiUye,wQIetu,20833477,ARTHIST-122-01,THE AGE OF REVOLUTION
JYtC,Qcv,45270862,ARTHIST-122-01,THE AGE OF REVOLUTION
RlsyzpJ,oycEZgTs,76569248,ARTHIST-122-01,THE AGE OF REVOLUTION
mxeS,eECRBv,26369759,ARTHIST-122-01,THE AGE OF REVOLUTION
aPm,jReXc,30934202,FILMSTUD-127-01,FRANKENSTEIN AND FILM
AnTkV,tAYyg,29180780,FILMSTUD-127-01,FRANKENSTEIN AND FILM
LZh,mtFMC,34545241,FILMSTUD-127-02,FRANKENSTEIN AND FILM
ollev,WJHCX,68848526,FILMSTUD-127-02,FRANKENSTEIN AND FILM
UHuaCr,XpnRON,53787906,FILMSTUD-129-01,ANIMATION AND THE ANIMATED FIL
ydfvL,CycCkN,27248198,FILMSTUD-129-01,ANIMATION AND THE ANIMATED FIL
qFefu,GZHF,81933491,FILMSTUD-129-01,ANIMATION AND THE ANIMATED FIL
TthF,cjWgTe,09892865,FILMSTUD-129-01,ANIMATION AND THE ANIMATED FIL
WoEBVSA,tBJf,40475546,FILMSTUD-129-01,ANIMATION AND THE ANIMATED FIL
ZEFFZCZM,trVN,99644966,FILMSTUD-129-01,ANIMATION AND THE ANIMATED FIL
axmmpGi,tXQXzs,16424967,FILMSTUD-129-01,ANIMATION AND THE ANIMATED FIL
uhwqO,KFiGOgfJ,57186547,FILMSTUD-129-01,ANIMATION AND THE ANIMATED FIL
iZGzRNRbP,yCQhSLjgzm,10773815,FILMSTUD-129-01,ANIMATION AND THE ANIMATED FIL
JaY,DjGET,37058335,FILMSTUD-129-01,ANIMATION AND THE ANIMATED FIL
IHAqZxV,gJBFW,02517828,FILMSTUD-129-01,ANIMATION AND THE ANIMATED FIL
pACWsn,WIBl,94131418,FILMSTUD-129-01,ANIMATION AND THE ANIMATED FIL
lRvtx,IeOT,31656937,FILMSTUD-129-01,ANIMATION AND THE ANIMATED FIL
djoHvdTD,dprFU,41885074,FILMSTUD-129-01,ANIMATION AND THE ANIMATED FIL
WAsO,kLFjvtZ,44671277,FILMSTUD-129-01,ANIMATION AND THE ANIMATED FIL
yGbw,qzHwjY,10362861,FILMSTUD-129-02,ANIMATION AND THE ANIMATED FIL
kxVegsC,xMvP,41390869,FILMSTUD-129-02,ANIMATION AND THE ANIMATED FIL
lTlHmDTW,TWuz,81233103,FILMSTUD-129-02,ANIMATION AND THE ANIMATED FIL
nVlNARc,ypTzCT,03752893,FILMSTUD-129-02,ANIMATION AND THE ANIMATED FIL
skVSE,GQZlNtEi,08061436,FILMSTUD-129-02,ANIMATION AND THE ANIMATED FIL
yocIYzn,GWHfA,22958979,FILMSTUD-129-02,ANIMATION AND THE ANIMATED FIL
qVTFAY,XAZe,97121857,FILMSTUD-129-02,ANIMATION AND THE ANIMATED FIL
TMVul,MryWbF,47511115,FILMSTUD-129-03,ANIMATION AND THE ANIMATED FIL
yJorO,IjZc,01105805,FILMSTUD-129-03,ANIMATION AND THE ANIMATED FIL
LaGdpotIg,KlwrMBIcoM,60950855,FILMSTUD-129-03,ANIMATION AND THE ANIMATED FIL
kvi,zTTcl,93173955,FILMSTUD-129-03,ANIMATION AND THE ANIMATED FIL
HcxemKkd,xRyfW,04726568,FILMSTUD-129-03,ANIMATION AND THE ANIMATED FIL
SVJRICFWH,MnQkx,16763977,ARTSTUDI-130-01,INTERACTIVE ART I
Xuvbygk,hmXb,25611236,ARTSTUDI-130-01,INTERACTIVE ART I
Rhq,QApgzU,70903246,ARTSTUDI-130-01,INTERACTIVE ART I
XmKLOoj,WyhvsAg,78448131,ARTSTUDI-130-01,INTERACTIVE ART I
EQENp,jTXnPA,08007435,ARTSTUDI-130-01,INTERACTIVE ART I
ijDUjhPd,gWDZf,31463917,ARTSTUDI-130-01,INTERACTIVE ART I
zEG,iiyIzw,79515946,ARTSTUDI-130-01,INTERACTIVE ART I
Cpi,GHNlpF,32807455,ARTSTUDI-130-01,INTERACTIVE ART I
YZFhghWG,kiEhJ,98683656,ARTSTUDI-130-01,INTERACTIVE ART I
WKoBJNtY,jXlbGK,81634740,ARTSTUDI-130-01,INTERACTIVE ART I
fse,hEQI,86898104,ARTSTUDI-130-01,INTERACTIVE ART I
NUucqDx,guq,76931498,ARTSTUDI-130-01,INTERACTIVE ART I
VyuH,AFky,97070590,ARTSTUDI-130-01,INTERACTIVE ART I
cXFsLsAljBcBl,esZo,58319290,ARTSTUDI-130-01,INTERACTIVE ART I
RWaVK,YbHAyRcy,78127559,ARTSTUDI-130-01,INTERACTIVE ART I
TYwEM,mqvBYiT,64405834,ARTSTUDI-130-01,INTERACTIVE ART I
fPzbaO,ggTMiwx,55777734,ARTSTUDI-136-01,THE PORTABLE STUDIO
VwOV,WUZdFNQ,20453006,ARTSTUDI-136-01,THE PORTABLE STUDIO
eURegmHq,MPOvuy,79844876,ARTSTUDI-136-01,THE PORTABLE STUDIO
bYrMSAIB,SiuZtV,08503513,ARTSTUDI-136-01,THE PORTABLE STUDIO
irzbRpW,YqVF,35619318,ARTSTUDI-136-01,THE PORTABLE STUDIO
CBWsYgDY,KEXM,25905534,ARTSTUDI-136-01,THE PORTABLE STUDIO
sDr,jvOYlw,13424292,ARTSTUDI-136-01,THE PORTABLE STUDIO
XZ,ZEjjyA,10128872,ARTSTUDI-140-01,DRAWING I
WLBCIF,hZgcx,97886511,ARTSTUDI-140-01,DRAWING I
NjpSy,uFtzh,57945369,ARTSTUDI-140-01,DRAWING I
hWEEp,XwXW,17443374,ARTSTUDI-140-01,DRAWING I
ByQukyW,BeNpX,95117968,ARTSTUDI-140-01,DRAWING I
FivPIvOCj,pHhIKmf,38131374,ARTSTUDI-140-01,DRAWING I
pXaxmEn,VEAHQo,12730221,ARTSTUDI-140-01,DRAWING I
eZIKyA,ofY,97961961,ARTSTUDI-140-01,DRAWING I
IYfS,tXIv,88548448,ARTSTUDI-140-01,DRAWING I
KQEXiWJFXGIaFuA,abeahib,12705573,ARTSTUDI-140-01,DRAWING I
EPdVx,MiVW,13341189,ARTSTUDI-140-01,DRAWING I
ChfERHr,PMSsA,14481439,ARTSTUDI-140-01,DRAWING I
wNPneOX,BRLmGKN,40354381,ARTSTUDI-140-01,DRAWING I
KOWsNx,MtSijDh,09640510,ARTSTUDI-140-01,DRAWING I
fzTgt,dcKal,41214360,ARTSTUDI-140-01,DRAWING I
KIHL,szKcg,62963674,ARTSTUDI-140-01,DRAWING I
DMMELE,fHTmjKbhA,24176718,ARTSTUDI-140-01,DRAWING I
OvoMLoWQUU,mgiAoy,05923639,ARTSTUDI-140-01,DRAWING I
pJZiKAk,nuSGJC,75842940,ARTSTUDI-140-01,DRAWING I
HOASev,rRsrrpRF,79653361,ARTSTUDI-140-01,DRAWING I
IjGkXGxfylYorTkv,GEZEMPuF,13543704,ARTSTUDI-140-01,DRAWING I
PGRmX,tvTBE,75942863,ARTSTUDI-140-01,DRAWING I
ewdJfn,SZqush,69833867,ARTSTUDI-140-01,DRAWING I
AohdrvzovYpC,KaMoSW,69918390,ARTSTUDI-140-01,DRAWING I
vJzkRo,SDzpMRr,50533943,ARTSTUDI-140-02,DRAWING I
bwROywt,OncsV,56342843,ARTSTUDI-140-02,DRAWING I
JrbG,oaNjwDiO,81726288,ARTSTUDI-140-02,DRAWING I
aSvaXq,cYLwn,33979107,ARTSTUDI-140-02,DRAWING I
rVmZAu,uZjs,54960603,ARTSTUDI-140-02,DRAWING I
meJ,WaecAV,07693788,ARTSTUDI-140-02,DRAWING I
bUlZEHd,kZasAQd,01843130,ARTSTUDI-140-02,DRAWING I
oFTp,drhPc,15783053,ARTSTUDI-140-02,DRAWING I
EDGkhFif,mSVVXe,80070254,ARTSTUDI-140-02,DRAWING I
tx,rShPtLjl,29751348,ARTSTUDI-140-02,DRAWING I
VEzL,xWiInl,36355155,ARTSTUDI-140-02,DRAWING I
NrSk,GXZth,92330656,ARTSTUDI-140-02,DRAWING I
mDiu,eYnOiZI,87357385,ARTSTUDI-140-02,DRAWING I
VBZM,mcQZq,05064107,ARTSTUDI-140-02,DRAWING I
aECxs,eUGLyeU,12917055,ARTSTUDI-140-02,DRAWING I
zBibQ,fuCHC,46177928,ARTSTUDI-141-01,PLEIN AIR PAINTING NOW
MkuMYe,MvSqeI,55389020,ARTSTUDI-141-01,PLEIN AIR PAINTING NOW
uUzV,yZMJwhP,51277422,ARTSTUDI-141-01,PLEIN AIR PAINTING NOW
gLkxKHrr,DXMTV,96909966,ARTSTUDI-141-01,PLEIN AIR PAINTING NOW
DbWDnNSC,BlCGAvF,51950839,ARTSTUDI-141-01,PLEIN AIR PAINTING NOW
sMxz,kCGKlz,90546545,ARTSTUDI-141-01,PLEIN AIR PAINTING NOW
WtzSHu,cjrBhbWi,59014506,ARTSTUDI-141-01,PLEIN AIR PAINTING NOW
dbEMoP,Awi,25513718,ARTSTUDI-141-01,PLEIN AIR PAINTING NOW
TFBlQpH,aQhf,97646908,ARTSTUDI-141-01,PLEIN AIR PAINTING NOW
SugzeiiW,RUhxg,32445741,ARTSTUDI-141-01,PLEIN AIR PAINTING NOW
wa,aipZZV,88723567,ARTSTUDI-141-01,PLEIN AIR PAINTING NOW
aBA,ZrZVSuUU,85192355,ARTSTUDI-141-01,PLEIN AIR PAINTING NOW
bTmX,uMM,88990711,ARTSTUDI-141-01,PLEIN AIR PAINTING NOW
daKF,aoOsge,67803363,ARTSTUDI-141-01,PLEIN AIR PAINTING NOW
yemphg,QzxJY,23784153,ARTSTUDI-141-01,PLEIN AIR PAINTING NOW
HZhlZXdgazA,OdjCkRN,27024024,ARTSTUDI-141-01,PLEIN AIR PAINTING NOW
emjGxyNC,EPRoAfu,18626729,ARTSTUDI-141-01,PLEIN AIR PAINTING NOW
OSVbt,ORHUQEUA,84782957,ARTSTUDI-141-01,PLEIN AIR PAINTING NOW
oXIPuCmxI,ONzmbZJ,58984627,ARTHIST-144B-01,MODERN DESIGN FROM THE EIFFEL
JvQbDt,DGXPV,48551115,ARTHIST-144B-01,MODERN DESIGN FROM THE EIFFEL
gt,TCRI,27070225,ARTHIST-144B-01,MODERN DESIGN FROM THE EIFFEL
qHKbvkrB,PeRjbt,46280633,ARTHIST-144B-01,MODERN DESIGN FROM THE EIFFEL
fUdysXfMv,uhHB,24903142,ARTHIST-144B-01,MODERN DESIGN FROM THE EIFFEL
DpAC,khVLh,16820894,ARTHIST-144B-01,MODERN DESIGN FROM THE EIFFEL
UISpG,cZQZG,40411790,ARTHIST-144B-01,MODERN DESIGN FROM THE EIFFEL
nacYZKcl,ReyJssPk,89903169,ARTHIST-144B-01,MODERN DESIGN FROM THE EIFFEL
DgSJtM,tiNqojV,16945503,ARTHIST-144B-01,MODERN DESIGN FROM THE EIFFEL
kFzbraL,aXUO,00040810,ARTHIST-144B-01,MODERN DESIGN FROM THE EIFFEL
FnsYu,bvjP,56341204,ARTHIST-144B-01,MODERN DESIGN FROM THE EIFFEL
XZHuug,lGnKKO,99147690,ARTHIST-144B-01,MODERN DESIGN FROM THE EIFFEL
GtlNvd,jVet,60693528,ARTHIST-144B-01,MODERN DESIGN FROM THE EIFFEL
PVVw,Pjn,94766398,ARTHIST-144B-01,MODERN DESIGN FROM THE EIFFEL
EljmhLQiLB,iMJQapW,10585996,ARTHIST-144B-01,MODERN DESIGN FROM THE EIFFEL
zgQuTc,DzrOI,67435963,ARTHIST-144B-01,MODERN DESIGN FROM THE EIFFEL
HcSczz,xsCgL,37136424,ARTHIST-144B-02,MODERN DESIGN FROM THE EIFFEL
HPzIrffQ,XcXEqVky,14601924,ARTHIST-144B-02,MODERN DESIGN FROM THE EIFFEL
KgeDZw,MhckJFn,86536499,ARTHIST-144B-02,MODERN DESIGN FROM THE EIFFEL
TPMnEJB,ldJQ,58929059,ARTHIST-144B-02,MODERN DESIGN FROM THE EIFFEL
vwrZ,XCM,25342627,ARTHIST-144B-02,MODERN DESIGN FROM THE EIFFEL
dbXjjtpedi,CCuaquq,58919811,ARTHIST-144B-02,MODERN DESIGN FROM THE EIFFEL
ADZbJOkZoicXBYT,VKySLY,91537622,ARTSTUDI-145-01,PAINTING I
cTsZM,SidaI,47594179,ARTSTUDI-145-01,PAINTING I
oAtrFK,lRHHK,57652499,ARTSTUDI-145-01,PAINTING I
NYSK,NoG,38523713,ARTSTUDI-145-01,PAINTING I
vexxP,sfqVEDYxe,76225148,ARTSTUDI-145-01,PAINTING I
BHeRQkBo,ikGa,77674011,ARTSTUDI-145-01,PAINTING I
RaDi,PkjK,27739083,ARTSTUDI-145-01,PAINTING I
eila,aIcAhMw,97430156,ARTSTUDI-145-01,PAINTING I
rtOaIEHq,ntHdpHx,65524172,ARTSTUDI-145-01,PAINTING I
EdsozBAv,hsI,74616976,ARTSTUDI-145-01,PAINTING I
wVTjc,ulHai,63221197,ARTSTUDI-145-01,PAINTING I
HvbpXfsK,HzHq,87124207,ARTSTUDI-145-01,PAINTING I
gghJu,iDQvKnr,53443141,ARTSTUDI-145-01,PAINTING I
jMDQEr,WhXfzBwE,43001602,ARTSTUDI-145-01,PAINTING I
NRPUMv,TwTyn,80175080,ARTSTUDI-145-01,PAINTING I
rTVsKdp,anEJk,42092388,ARTSTUDI-145-01,PAINTING I
AhzA,usvootsMLtQ,17215053,ARTSTUDI-145-02,PAINTING I
dCrE,GdjMtbs,79404256,ARTSTUDI-145-02,PAINTING I
FNptbj,Ljnu,05197053,ARTSTUDI-145-02,PAINTING I
NjIhFzumdMIQYHH,uAZQkkR,71404437,ARTSTUDI-145-02,PAINTING I
hifVY,HAXQeBF,26463615,ARTSTUDI-145-02,PAINTING I
KuqEdc,UaWTUC,02200370,ARTSTUDI-145-02,PAINTING I
MDPbBef,OPhBNsF,80752696,ARTSTUDI-145-02,PAINTING I
QccmPbke,IwuuHzhP,39764333,ARTSTUDI-145-02,PAINTING I
ErfQvL,XgZZg,68496030,ARTSTUDI-145-02,PAINTING I
lbAt,vtlvB,38886120,ARTSTUDI-145-02,PAINTING I
bCmIDVr,fhECw,95053739,ARTSTUDI-145-02,PAINTING I
otUS,oLz,87957487,ARTSTUDI-145-02,PAINTING I
EybQPEcU,LreLh,77321640,ARTSTUDI-145-02,PAINTING I
rLuSc,PoDNg,90367996,ARTSTUDI-145-02,PAINTING I
zHygHhoW,FZBHxMtB,97686670,ARTSTUDI-145-02,PAINTING I
mhARQbU,ldkyxiDN,90332890,ARTSTUDI-145-02,PAINTING I
luecztf,yPzxVrGJ,87488268,ARTSTUDI-145-02,PAINTING I
OtAYCIb,aqbgPD,53056868,ARTSTUDI-147-01,ART BOOK OBJECT
AHdgP,brtoy,73507416,ARTSTUDI-147-01,ART BOOK OBJECT
fPcXN,THdJC,92539979,ARTSTUDI-147-01,ART BOOK OBJECT
hNFfCHdn,YdyVGo,18971799,ARTSTUDI-147-01,ART BOOK OBJECT
NRwZssw,hCoKpzY,02116332,ARTSTUDI-147-01,ART BOOK OBJECT
joiuMe,PPrXoTeS,03400625,ARTSTUDI-147-01,ART BOOK OBJECT
ls,bzArA,96737357,ARTSTUDI-147-01,ART BOOK OBJECT
UTlsFl,azUXv,36648290,ARTSTUDI-147-01,ART BOOK OBJECT
JpWeuJxJGOW,FpgzNgS,23459280,ARTSTUDI-147-01,ART BOOK OBJECT
hDMYDk,ZfyVrQEvr,12265123,ARTSTUDI-147-01,ART BOOK OBJECT
BTeAx,iqCmFd,84655741,ARTSTUDI-147-01,ART BOOK OBJECT
wCCyefU,rLH,81704535,ARTSTUDI-147-01,ART BOOK OBJECT
xXazgJ,AbZDI,49113314,ARTSTUDI-147-01,ART BOOK OBJECT
HAsR,gogwc,54131243,ARTSTUDI-147-01,ART BOOK OBJECT
osyXj,SONHYwd,72374084,ARTSTUDI-147-01,ART BOOK OBJECT
bubpD,YFamyU,12155327,ARTSTUDI-147-01,ART BOOK OBJECT
FvAEu,tWleWJ,85799098,ARTSTUDI-147-01,ART BOOK OBJECT
EuNRlg,WycmMiO,29279662,FILMSTUD-147-01,IBERIAN AND LATIN AMERICAN EXP
LErZkfBH,iDcShD,89884878,FILMSTUD-147-01,IBERIAN AND LATIN AMERICAN EXP
QGAJ,Pzxf,10587784,ARTSTUDI-148A-01,LITHOGRAPHY
PRaap,oteO,81788755,ARTSTUDI-148A-01,LITHOGRAPHY
jsYGAbfHN,VmTsr,76995921,ARTSTUDI-148A-01,LITHOGRAPHY
FZBwZG,xgdewXOTY,69840848,ARTSTUDI-148A-01,LITHOGRAPHY
LtMpWlJk,oVgsc,08572448,ARTSTUDI-148A-01,LITHOGRAPHY
sYAd,Vdwbjq,52070723,ARTSTUDI-148A-01,LITHOGRAPHY
hDSesrl,Bykbf,71324598,ARTSTUDI-148A-01,LITHOGRAPHY
UFzQrGc,WqVZiwG,91852718,ARTSTUDI-148A-01,LITHOGRAPHY
VciI,CBMnqF,77342127,ARTSTUDI-148A-01,LITHOGRAPHY
ZAIBXZ,YvhyE,41508261,ARTSTUDI-148A-01,LITHOGRAPHY
YWQsobbj,hddasTSR,75963511,ARTHIST-152-01,THE AMERICAN WEST
Mr,jmIm,46483356,ARTHIST-152-01,THE AMERICAN WEST
SfJun,agxqUbZa,84956920,ARTHIST-152-01,THE AMERICAN WEST
iWvXpx,xYxg,06687626,ARTHIST-152-01,THE AMERICAN WEST
CypRUV,JUSVC,41879469,ARTHIST-152-01,THE AMERICAN WEST
jXUeT,wlDdvn,11836363,ARTHIST-152-01,THE AMERICAN WEST
ugQSmVR,ddiR,04111580,ARTHIST-152-01,THE AMERICAN WEST
PvzwtHqD,jMrPpTUP,71653891,ARTHIST-152-01,THE AMERICAN WEST
hrSOmBxw,NLiZvbSsirhySCMRl,79250402,ARTHIST-152-01,THE AMERICAN WEST
qujjuILhQX,COtTFOXeP,41919489,ARTHIST-152-01,THE AMERICAN WEST
ZyNWO,iicB,71998996,ARTHIST-152-01,THE AMERICAN WEST
wSNHWkGdYNE,Aknb,27621265,ARTHIST-152-01,THE AMERICAN WEST
ZYcXkz,Vyzej,17009981,ARTHIST-152-01,THE AMERICAN WEST
iqInO,ajvAx,95812279,ARTHIST-152-01,THE AMERICAN WEST
jbvgf,aswvjyZF,76265144,ARTHIST-152-01,THE AMERICAN WEST
OKOITjT,pcs,31502843,ARTSTUDI-155-01,SOCIAL SCULPTURE
ISdRMy,NymzmG,89571728,ARTSTUDI-155-01,SOCIAL SCULPTURE
AQokFYm,NxMP,70877056,ARTSTUDI-155-01,SOCIAL SCULPTURE
VHYXd,aReSGcA,82563908,ARTSTUDI-155-01,SOCIAL SCULPTURE
YzECkWnQ,iQYTyR,26304435,ARTSTUDI-156Q-01,INSTALLATION ART
Kyzi,YcjvqL,01990358,ARTSTUDI-156Q-01,INSTALLATION ART
Jzbqh,siuDxPkg,74330749,ARTSTUDI-156Q-01,INSTALLATION ART
pIcuJ,JrPXuEY,17063156,ARTSTUDI-156Q-01,INSTALLATION ART
DZiCyqOiFuk,wKrLIY,25452471,ARTSTUDI-156Q-01,INSTALLATION ART
HyKkRGs,mtLlWC,22452082,ARTSTUDI-156Q-01,INSTALLATION ART
cscLmo,QvmW,10824014,ARTSTUDI-156Q-01,INSTALLATION ART
FSFtbISZGQaAkwj,mE,49624599,ARTSTUDI-156Q-01,INSTALLATION ART
ZdsolzyzLL,YfVkuff,79097652,ARTSTUDI-160-01,INTRO TO DIGITAL/ PHYSICAL
tVfJHZ,LykN,28417945,ARTSTUDI-160-01,INTRO TO DIGITAL/ PHYSICAL
RloYsQ,DNAUlC,62744576,ARTSTUDI-160-01,INTRO TO DIGITAL/ PHYSICAL
OkhEzy,vUx,73036828,ARTSTUDI-160-01,INTRO TO DIGITAL/ PHYSICAL
snGF,XWLm,44191765,ARTSTUDI-160-01,INTRO TO DIGITAL/ PHYSICAL
vTmK,tJkz,83979759,ARTSTUDI-160-01,INTRO TO DIGITAL/ PHYSICAL
udp,VcOWVOF,67600805,ARTSTUDI-160-01,INTRO TO DIGITAL/ PHYSICAL
qJX,OUsz,83308630,ARTSTUDI-160-01,INTRO TO DIGITAL/ PHYSICAL
eJxx,fxZdbx,69250786,ARTSTUDI-160-01,INTRO TO DIGITAL/ PHYSICAL
QOJYfM,PGLqkTi,99922186,ARTSTUDI-160-01,INTRO TO DIGITAL/ PHYSICAL
bqG,HMZI,05226399,ARTSTUDI-160-01,INTRO TO DIGITAL/ PHYSICAL
pXLLzp,dayV,39359114,ARTSTUDI-160-01,INTRO TO DIGITAL/ PHYSICAL
GU,dgTlQHUk,68662065,ARTSTUDI-160-01,INTRO TO DIGITAL/ PHYSICAL
nDQDwNzE,UXoED,14537356,ARTSTUDI-160-01,INTRO TO DIGITAL/ PHYSICAL
VMkJgSV,RjpHu,31670304,ARTSTUDI-160-01,INTRO TO DIGITAL/ PHYSICAL
KSYXn,yLVlP,95707961,ARTSTUDI-160-01,INTRO TO DIGITAL/ PHYSICAL
FOHw,WxcKU,33055304,ARTSTUDI-160-01,INTRO TO DIGITAL/ PHYSICAL
IMMI,lkwicCggi,66545226,ARTSTUDI-163-01,DRAWING WITH CODE
BbImT,wRxu,90032704,ARTSTUDI-163-01,DRAWING WITH CODE
DCejYX,fFzuQ,17851857,ARTSTUDI-163-01,DRAWING WITH CODE
mvCJ,PwAw,87590407,ARTSTUDI-163-01,DRAWING WITH CODE
vkK,CUwwODCS,89994070,ARTSTUDI-163-01,DRAWING WITH CODE
NypyYQA,nmzfLNH,69717499,ARTSTUDI-163-01,DRAWING WITH CODE
swaGeKgl,sxw,52606640,ARTSTUDI-163-01,DRAWING WITH CODE
rvTZsLE,yiLgv,60840648,ARTSTUDI-163-01,DRAWING WITH CODE
EbsWc,zHBWZjm,44467002,ARTSTUDI-163-01,DRAWING WITH CODE
XpQS,VZkr,85688194,ARTSTUDI-163-01,DRAWING WITH CODE
PTSBFVMXTsBZI,tDgwlbr,22693542,ARTSTUDI-163-01,DRAWING WITH CODE
BBefZYn,ZTtIF,01520590,ARTSTUDI-163-01,DRAWING WITH CODE
nUIkb,ydtDcdaGTyW,28250611,ARTSTUDI-163-01,DRAWING WITH CODE
MWmzzC,dVBht,77354068,ARTSTUDI-163-01,DRAWING WITH CODE
djiFd,fgOpa,49274705,ARTSTUDI-163-01,DRAWING WITH CODE
gMCRZ,Jsrbarw,61329091,ARTSTUDI-163-01,DRAWING WITH CODE
eDk,AHXjzoLYPB,08317607,ARTSTUDI-163-01,DRAWING WITH CODE
IqppcP,wjpJp,62173244,ARTSTUDI-163-01,DRAWING WITH CODE
wy,klKAw,00170626,ARTSTUDI-167-01,INTRODUCTION TO ANIMATION
ycxGpPp,qPoiMRmE,04501810,ARTSTUDI-167-01,INTRODUCTION TO ANIMATION
XtZxy,XbNOY,19944251,ARTSTUDI-167-01,INTRODUCTION TO ANIMATION
vJB,njutJqSOW,27228351,ARTSTUDI-167-01,INTRODUCTION TO ANIMATION
jemxy,VuMv,78313617,ARTSTUDI-167-01,INTRODUCTION TO ANIMATION
xa,SUGiLZOw,36858148,ARTSTUDI-167-01,INTRODUCTION TO ANIMATION
NA,qJKf,31913470,ARTSTUDI-167-01,INTRODUCTION TO ANIMATION
Ky,dHh,53504661,ARTSTUDI-167-01,INTRODUCTION TO ANIMATION
AGbi,CKSxCLf,49957589,ARTSTUDI-167-01,INTRODUCTION TO ANIMATION
xDKDgwS,FqOwNO,53530265,ARTSTUDI-167-01,INTRODUCTION TO ANIMATION
utsjU,HnWijzxkh,32625850,ARTSTUDI-167-01,INTRODUCTION TO ANIMATION
GOmQiEzE,lrHZWVZk,02953933,ARTSTUDI-167-01,INTRODUCTION TO ANIMATION
lSKnGG,MJBYUSm,90309549,ARTSTUDI-167-01,INTRODUCTION TO ANIMATION
cTHUt,Epgoco,94240078,ARTSTUDI-167-01,INTRODUCTION TO ANIMATION
pSViPqm,XRPjwy,49445998,ARTSTUDI-167-01,INTRODUCTION TO ANIMATION
TaUHfJY,iwkUPz,24233760,ARTSTUDI-170-01,INTRO TO PHOTOGRAPHY
vLTgHeA,tYIEj,56880854,ARTSTUDI-170-01,INTRO TO PHOTOGRAPHY
pawZieS,VVLsRYB,29137324,ARTSTUDI-170-01,INTRO TO PHOTOGRAPHY
BOriEOmr,OoTKiNpGz,07200168,ARTSTUDI-170-01,INTRO TO PHOTOGRAPHY
JfKBRN,mCDv,08265861,ARTSTUDI-170-01,INTRO TO PHOTOGRAPHY
yikBeY,uIDe,90214972,ARTSTUDI-170-01,INTRO TO PHOTOGRAPHY
mHODni,xrOtr,01273309,ARTSTUDI-170-01,INTRO TO PHOTOGRAPHY
CxQjB,DsDqswHw,39639988,ARTSTUDI-170-01,INTRO TO PHOTOGRAPHY
lDt,XmqmvG,15316674,ARTSTUDI-170-01,INTRO TO PHOTOGRAPHY
nUzt,OPHZAG,12638865,ARTSTUDI-170-01,INTRO TO PHOTOGRAPHY
Pi,khyiy,24680267,ARTSTUDI-170-01,INTRO TO PHOTOGRAPHY
SijdRJvomvcM,noMs,81306806,ARTSTUDI-170-01,INTRO TO PHOTOGRAPHY
eoXDRii,idhDkNV,20777060,ARTSTUDI-170-01,INTRO TO PHOTOGRAPHY
hFBBnuUwUCV,txSc,34155730,ARTSTUDI-170-01,INTRO TO PHOTOGRAPHY
yIJgTWOrFEt,kZmquE,51335739,ARTSTUDI-170-01,INTRO TO PHOTOGRAPHY
WREn,QuioLdN,37409606,ARTSTUDI-170-01,INTRO TO PHOTOGRAPHY
rYaKu,ReFSr,04903794,ARTSTUDI-170-02,INTRO TO PHOTOGRAPHY
rZns,Yyaznm,72862517,ARTSTUDI-170-02,INTRO TO PHOTOGRAPHY
zXKHJpHu,JmsrdM,37389130,ARTSTUDI-170-02,INTRO TO PHOTOGRAPHY
LYjk,AKQXjtY,05868668,ARTSTUDI-170-02,INTRO TO PHOTOGRAPHY
GIVJFn,mlOKH,20656323,ARTSTUDI-170-02,INTRO TO PHOTOGRAPHY
bHvzeWg,mBnyZ,12008202,ARTSTUDI-170-02,INTRO TO PHOTOGRAPHY
dLu,lvGeyd,06601022,ARTSTUDI-170-02,INTRO TO PHOTOGRAPHY
OlTzVF,BKeHCf,49978686,ARTSTUDI-170-02,INTRO TO PHOTOGRAPHY
NupUku,TBTyvWW,40090753,ARTSTUDI-170-02,INTRO TO PHOTOGRAPHY
gRYYm,UYhzg,12948151,ARTSTUDI-170-02,INTRO TO PHOTOGRAPHY
OHJObK,aZEQ,31948151,ARTSTUDI-170-02,INTRO TO PHOTOGRAPHY
tZqAtUgsu,PFxLlxH,04023768,ARTSTUDI-170-02,INTRO TO PHOTOGRAPHY
ohiiLVwAR,lIONU,17012549,ARTSTUDI-170-02,INTRO TO PHOTOGRAPHY
ySlfWEe,rVcLeeo,50874352,ARTSTUDI-170-02,INTRO TO PHOTOGRAPHY
bzNxeEhS,mkOw,00317212,ARTSTUDI-170-02,INTRO TO PHOTOGRAPHY
byqgDP,ZMqtgMeJ,95902023,ARTSTUDI-170-02,INTRO TO PHOTOGRAPHY
xjfpC,lAJEh,50506302,ARTSTUDI-170-02,INTRO TO PHOTOGRAPHY
PCZct,hEjWKld,35643356,ARTSTUDI-170-02,INTRO TO PHOTOGRAPHY
LVHscxZ,CEBoavB,45547212,ARTSTUDI-170-02,INTRO TO PHOTOGRAPHY
rH,SxpJA,33793252,ARTSTUDI-170-03,PHOTOGRAPHY I: BLACK AND WHITE
hwPD,yntvZ,64418125,ARTSTUDI-170-03,PHOTOGRAPHY I: BLACK AND WHITE
nPrARB,xDBaxcm,70886473,ARTSTUDI-170-03,PHOTOGRAPHY I: BLACK AND WHITE
SPUGFRt,baalo,91070092,ARTSTUDI-170-03,PHOTOGRAPHY I: BLACK AND WHITE
sKvMmWWiX,GdiEIe,62162154,ARTSTUDI-170-03,PHOTOGRAPHY I: BLACK AND WHITE
bARYqM,ckiOw,94652759,ARTSTUDI-170-03,PHOTOGRAPHY I: BLACK AND WHITE
uczEenoK,cJpFI,35196754,ARTSTUDI-170-03,PHOTOGRAPHY I: BLACK AND WHITE
bElPQ,uWULObeU,21394466,ARTSTUDI-170-03,PHOTOGRAPHY I: BLACK AND WHITE
getTHn,RSd,80646569,ARTSTUDI-170-03,PHOTOGRAPHY I: BLACK AND WHITE
UGSOME,uhfNJr,61105031,ARTSTUDI-170-03,PHOTOGRAPHY I: BLACK AND WHITE
zDpZwVs,XqKVtt,62652619,ARTSTUDI-170-03,PHOTOGRAPHY I: BLACK AND WHITE
fnFjF,AxiOtD,63836521,ARTSTUDI-170-03,PHOTOGRAPHY I: BLACK AND WHITE
UUHco,sdaij,34020201,ARTSTUDI-170-03,PHOTOGRAPHY I: BLACK AND WHITE
eypOVH,WkyEt,27252732,ARTSTUDI-170-03,PHOTOGRAPHY I: BLACK AND WHITE
HRcdkUHOm,LrnFNVY,15216083,ARTSTUDI-170-03,PHOTOGRAPHY I: BLACK AND WHITE
yvTlBrwO,SOVb,06514460,ARTSTUDI-170-03,PHOTOGRAPHY I: BLACK AND WHITE
kQQYFE,ZfkgpeU,74254232,ARTSTUDI-170-03,PHOTOGRAPHY I: BLACK AND WHITE
OBehpx,gEbaG,63052118,ARTSTUDI-171-01,PHOTOGRAPHY I: DIGITAL
kqrrYAi,XlfiJep,22093113,ARTSTUDI-171-01,PHOTOGRAPHY I: DIGITAL
rAOvMziZXG,CflQuF,88152785,ARTSTUDI-171-01,PHOTOGRAPHY I: DIGITAL
OAngqH,TESuHYLo,93188463,ARTSTUDI-171-01,PHOTOGRAPHY I: DIGITAL
vxUjh,nqRyj,79972745,ARTSTUDI-171-01,PHOTOGRAPHY I: DIGITAL
AUWnRN,rg,38127771,ARTSTUDI-171-01,PHOTOGRAPHY I: DIGITAL
oIQhYj,HHdtgww,22696895,ARTSTUDI-171-01,PHOTOGRAPHY I: DIGITAL
adV,lNYo,64551525,ARTSTUDI-171-01,PHOTOGRAPHY I: DIGITAL
yYqWRw,KIfXD,45072574,ARTSTUDI-171-01,PHOTOGRAPHY I: DIGITAL
MWQSTxam,OcyEjGv,88441645,ARTSTUDI-171-01,PHOTOGRAPHY I: DIGITAL
qLGOmQ,pDkrLcL,15379439,ARTSTUDI-171-01,PHOTOGRAPHY I: DIGITAL
RJkrlZWtRWf,ijqYy,80730803,ARTSTUDI-171-01,PHOTOGRAPHY I: DIGITAL
bixoV,hnCeNilb,29839298,ARTSTUDI-171-01,PHOTOGRAPHY I: DIGITAL
WUArUZtezy,zVhpWxl,95682195,ARTSTUDI-171-02,PHOTOGRAPHY I: DIGITAL
QVflLwFegiVU,LCgzSuZo,78665680,ARTSTUDI-171-02,PHOTOGRAPHY I: DIGITAL
VDkuBVEGrok,sldEc,84157505,ARTSTUDI-171-02,PHOTOGRAPHY I: DIGITAL
RpA,ayneVN,87452300,ARTSTUDI-171-02,PHOTOGRAPHY I: DIGITAL
EsSUlh,pbYvPS,34505265,ARTSTUDI-171-02,PHOTOGRAPHY I: DIGITAL
yhSqbnaIx,TYMoEgv,37683735,ARTSTUDI-171-02,PHOTOGRAPHY I: DIGITAL
UFNIMw,fGXvdG,70787360,ARTSTUDI-171-02,PHOTOGRAPHY I: DIGITAL
moBU,NEmxGZT,45827610,ARTSTUDI-171-02,PHOTOGRAPHY I: DIGITAL
bMbunau,lBdwstyUL,13510029,ARTSTUDI-171-02,PHOTOGRAPHY I: DIGITAL
xSlVcxDVQ,kXkJVEYiG,87573166,ARTSTUDI-171-02,PHOTOGRAPHY I: DIGITAL
ohxPMOc,NEVXbZz,65660016,ARTSTUDI-171-02,PHOTOGRAPHY I: DIGITAL
Ujboav,HmuvBiE,66932726,ARTSTUDI-171-02,PHOTOGRAPHY I: DIGITAL
oWjze,hLWVsL,13291664,ARTSTUDI-171-02,PHOTOGRAPHY I: DIGITAL
XtbOabJ,miXHR,62671283,ARTSTUDI-171-02,PHOTOGRAPHY I: DIGITAL
wtWIwEyM,JTYaiHMy,69269815,ARTSTUDI-171-03,PHOTOGRAPHY I: DIGITAL
AbtYZF,OuhwnWf,78386662,ARTSTUDI-171-03,PHOTOGRAPHY I: DIGITAL
eCoifh,xmd,12895820,ARTSTUDI-171-03,PHOTOGRAPHY I: DIGITAL
zdHACyuTn,aaLP,87505870,ARTSTUDI-171-03,PHOTOGRAPHY I: DIGITAL
BeNTeYtitI,cAxaRT,38842113,ARTSTUDI-171-03,PHOTOGRAPHY I: DIGITAL
KdGszG,uBsrPOF,29029002,ARTSTUDI-171-03,PHOTOGRAPHY I: DIGITAL
BLmQs,UZpTmrK,11277754,ARTSTUDI-171-03,PHOTOGRAPHY I: DIGITAL
MUrKM,hHTqlkVk,24058131,ARTSTUDI-171-03,PHOTOGRAPHY I: DIGITAL
dMmxBr,LYiWLM,41145208,ARTSTUDI-171-03,PHOTOGRAPHY I: DIGITAL
lvlIu,dszuyJnZ,30639972,ARTSTUDI-171-03,PHOTOGRAPHY I: DIGITAL
jvRL,rkllrM,49641174,ARTSTUDI-171-03,PHOTOGRAPHY I: DIGITAL
QrfgsFALl,FIxLfvB,56595714,ARTSTUDI-171-03,PHOTOGRAPHY I: DIGITAL
tQyovOcR,LmzjzyDQE,32335781,ARTSTUDI-171-03,PHOTOGRAPHY I: DIGITAL
MrEne,RGGMwS,39607192,ARTSTUDI-171-03,PHOTOGRAPHY I: DIGITAL
TVFBQd,FLdh,39598773,ARTSTUDI-171-03,PHOTOGRAPHY I: DIGITAL
VEkqbH,YlTid,52553151,ARTSTUDI-171-03,PHOTOGRAPHY I: DIGITAL
kheUKji,MPwefyj,91619765,ARTSTUDI-171-03,PHOTOGRAPHY I: DIGITAL
RFNfLj,bxEJf,88443797,ARTSTUDI-171-03,PHOTOGRAPHY I: DIGITAL
VyNP,socJf,39185173,ARTSTUDI-171-03,PHOTOGRAPHY I: DIGITAL
gAiS,jDxiD,22911119,ARTSTUDI-171-03,PHOTOGRAPHY I: DIGITAL
CIPrfZ,vQTac,56982524,ARTSTUDI-171-03,PHOTOGRAPHY I: DIGITAL
FtTbz,IJzlRBR,32365123,ARTSTUDI-171-03,PHOTOGRAPHY I: DIGITAL
nTyUvl,JrtVg,90708338,ARTSTUDI-171-03,PHOTOGRAPHY I: DIGITAL
wibxFbW,JRbUMln,33952279,ARTSTUDI-171-03,PHOTOGRAPHY I: DIGITAL
CED,wHoUNOuYEW,05306165,ARTSTUDI-173E-01,CELL PHONE PHOTOGRAPHY
LJgtC,XSyGBGU,91467787,ARTSTUDI-173E-01,CELL PHONE PHOTOGRAPHY
JnDHq,NceKxf,09127852,ARTSTUDI-173E-01,CELL PHONE PHOTOGRAPHY
EeKigEw,ioAwpeT,90290240,ARTSTUDI-173E-01,CELL PHONE PHOTOGRAPHY
AkYUmT,cJINHxUI,46293220,ARTSTUDI-173E-01,CELL PHONE PHOTOGRAPHY
aSbP,ZDuTQZi,29490110,ARTSTUDI-173E-01,CELL PHONE PHOTOGRAPHY
wD,IGoanCVJ,57019021,ARTSTUDI-173E-01,CELL PHONE PHOTOGRAPHY
oBban,pMiA,95729087,ARTSTUDI-173E-01,CELL PHONE PHOTOGRAPHY
ywkCn,uDLX,69626626,ARTSTUDI-173E-01,CELL PHONE PHOTOGRAPHY
NfhRA,OaBuFEtb,17655342,ARTSTUDI-173E-01,CELL PHONE PHOTOGRAPHY
jziE,aEnmF,96972935,ARTSTUDI-173E-01,CELL PHONE PHOTOGRAPHY
TJNqpf,furqlvr,07806588,ARTSTUDI-173E-01,CELL PHONE PHOTOGRAPHY
XYAwPO,LCVyVnR,87172096,ARTSTUDI-173E-01,CELL PHONE PHOTOGRAPHY
CHpylaZ,YriE,70994147,ARTSTUDI-173E-01,CELL PHONE PHOTOGRAPHY
exyHZW,rRjqGg,25763150,ARTSTUDI-176-01,TIME SHIFTS
HIKQ,Zco,63784223,ARTSTUDI-176-01,TIME SHIFTS
gnIqi,ShuNocYg,03737928,ARTSTUDI-176-01,TIME SHIFTS
hbApmf,LXFgW,50323174,ARTSTUDI-176-01,TIME SHIFTS
IjlFb,TymKr,56201478,ARTSTUDI-176-01,TIME SHIFTS
IPXlbx,YLtJtlk,28114714,ARTSTUDI-176-01,TIME SHIFTS
xVYJTmvj,xKHUaR,90521978,ARTSTUDI-176-01,TIME SHIFTS
TWg,aDHtILGuMI,80012750,ARTSTUDI-179-01,DIGITAL ART I
RAwQQEeX,wPzerX,59519065,ARTSTUDI-179-01,DIGITAL ART I
jufIyLyQ,AvteZoXj,06336779,ARTSTUDI-179-01,DIGITAL ART I
OOibNU,VNpWIkh,34376323,ARTSTUDI-179-01,DIGITAL ART I
utMvqWJx,hbApbZLO,22006534,ARTSTUDI-179-01,DIGITAL ART I
URyrjdgkLrl,fjs,65885718,ARTSTUDI-179-01,DIGITAL ART I
Aa,Bdwb,25643264,ARTSTUDI-179-01,DIGITAL ART I
VJH,gYyfZZ,50136283,ARTSTUDI-179-01,DIGITAL ART I
CPdsr,lzFCh,27871400,ARTSTUDI-179-01,DIGITAL ART I
KuVYwHDuOp,dmymV,26070908,ARTSTUDI-179-01,DIGITAL ART I
NMpW,yuI,59423975,ARTSTUDI-179-01,DIGITAL ART I
paYmsfkjCGMt,xBEAh,80095321,ARTSTUDI-179-01,DIGITAL ART I
vqzQS,RHnHlNQ,17171110,ARTSTUDI-179-01,DIGITAL ART I
oCcriaNE,uYNNZ,94439975,ARTSTUDI-179-01,DIGITAL ART I
TNdkLHhRVwho,UeRM,65378151,ARTSTUDI-179-01,DIGITAL ART I
eCyZyer,FJNGbmG,47047139,ARTSTUDI-179-01,DIGITAL ART I
JAAYYLTa,IRz,42518607,ARTHIST-193-01,JACOB LAWRENCE'S: AFRICAN ART
ouMZKFtqN,nPjWB,32578975,ARTHIST-193-01,JACOB LAWRENCE'S: AFRICAN ART
UtK,iMneOf,72212012,ARTHIST-193-01,JACOB LAWRENCE'S: AFRICAN ART
lAPT,YWFdFK,29649315,ARTHIST-193-01,JACOB LAWRENCE'S: AFRICAN ART
CEuG,kKrWTg,55066990,FILMSTUD-213-01,GLOBAL MELODRAMA
oku,DxrYD,47991985,ARTHIST-223-01,LIVING IN THE MATERIAL WORLD
QabWpMjdQp,JTfn,70210478,ARTSTUDI-231A-01,INTERACTIVE ART I
qujUyQwExLBS,dKDIK,71491649,ARTSTUDI-231A-01,INTERACTIVE ART I
Ta,iedVDS,85196543,ARTHIST-238C-01,ART AND THE MARKET
ahmawV,EOxSBOp,66190727,ARTHIST-238C-01,ART AND THE MARKET
kkgyzh,gzl,07887484,ARTHIST-238C-01,ART AND THE MARKET
BaxHILhohHIwy,wUotp,66550768,ARTHIST-238C-01,ART AND THE MARKET
KnvZobH,xcPeUp,31435609,ARTHIST-238C-01,ART AND THE MARKET
nYrjwc,vfNRG,51653993,ARTHIST-238C-01,ART AND THE MARKET
gycItk,EhwA,83391316,ARTHIST-238C-01,ART AND THE MARKET
lQIBBMK,GBWVMLzN,35108327,ARTHIST-238C-01,ART AND THE MARKET
nPCrKfzp,LBeWIrVR,25478152,ARTHIST-238C-01,ART AND THE MARKET
sOVulrd,njsF,63587742,ARTHIST-238C-01,ART AND THE MARKET
tkx,kSYlTYD,40660391,ARTHIST-238C-01,ART AND THE MARKET
RQ,PYma,18442793,ARTHIST-238C-01,ART AND THE MARKET
QsD,xtHxX,93777553,ARTHIST-238C-01,ART AND THE MARKET
kCeMSvmhIN,hXpVvNQev,43155692,ARTHIST-238C-01,ART AND THE MARKET
FAS,tMLq,37955403,ARTHIST-238C-01,ART AND THE MARKET
NXGOgdFq,hMWwbYd,03482102,ARTHIST-238C-01,ART AND THE MARKET
WqqCz,EekMpesaUkYFc,97017286,ARTHIST-238C-01,ART AND THE MARKET
zbXpQTMx,aqTmtCD,54382470,ARTHIST-238C-01,ART AND THE MARKET
ZSF,bNoMQZjYyw,16246896,ARTSTUDI-240-01,DRAWING II
jFDbK,eEjVk,16051402,ARTSTUDI-240-01,DRAWING II
XYukjlCPZTsX,XToMN,19640091,ARTSTUDI-240-01,DRAWING II
VMxfIQde,CRkGqu,63984957,ARTSTUDI-240-01,DRAWING II
bQEWgAwIxR,AWTLHnH,97722069,ARTSTUDI-240-01,DRAWING II
oDMOxVLI,eayaD,43285763,ARTSTUDI-240-01,DRAWING II
PYMFZHxYomcNQWl,NPuyo,04957051,ARTSTUDI-240-01,DRAWING II
wElIGRboSz,aJnWh,64510706,ARTSTUDI-240-01,DRAWING II
CKr,Qgiplzh,92652748,ARTSTUDI-240-01,DRAWING II
KZuUGs,ljwl,50712001,ARTSTUDI-240-01,DRAWING II
FCrQ,tbnILUbx,67223512,ARTSTUDI-240-01,DRAWING II
KFwIIMXC,suWYUD,78822430,ARTSTUDI-240-01,DRAWING II
gAZe,JlmEl,27190445,ARTSTUDI-243-01,ANATOMY FOR ARTISTS
uxdJCbl,qLnBZvLhO,22984153,ARTSTUDI-243-01,ANATOMY FOR ARTISTS
JBzpJOaU,MONTCOjb,40774530,ARTSTUDI-243-01,ANATOMY FOR ARTISTS
SI,QywLfiPx,69301026,ARTSTUDI-243-01,ANATOMY FOR ARTISTS
vCI,wIwEQIaan,50966599,ARTSTUDI-243-01,ANATOMY FOR ARTISTS
btdiyX,OWl,01725858,ARTSTUDI-243-01,ANATOMY FOR ARTISTS
TFoZpi,JOrtcMdq,61561909,ARTSTUDI-243-01,ANATOMY FOR ARTISTS
nuza,EhrKMcA,01915203,ARTSTUDI-243-01,ANATOMY FOR ARTISTS
MqQc,wNlSe,48567602,ARTSTUDI-245-01,PAINTING II
thhqV,wroco,93432967,ARTSTUDI-245-01,PAINTING II
PZSHiXv,rdTZD,54235631,ARTSTUDI-245-01,PAINTING II
Dwsrt,LdyFE,04352794,ARTSTUDI-245-01,PAINTING II
jtEtTdU,wcqp,08109376,ARTSTUDI-245-01,PAINTING II
FzeUFc,Cejti,99128650,ARTSTUDI-245-01,PAINTING II
RNu,zltc,06767220,ARTSTUDI-245-01,PAINTING II
epl,Qtqiqa,95249662,ARTSTUDI-245-01,PAINTING II
rezcZIct,PHBIr,60012631,ARTSTUDI-245-01,PAINTING II
TSv,wQQz,13565277,ARTSTUDI-245-01,PAINTING II
yMvfNap,NCoX,46577233,ARTSTUDI-245-01,PAINTING II
Ts,wlQwRCF,42981961,ARTSTUDI-245-01,PAINTING II
NvxH,ZnvlQbk,03671550,ARTSTUDI-245-01,PAINTING II
NphT,JDIwDIu,33991924,ARTSTUDI-245-01,PAINTING II
duxri,xQZCg,11686739,ARTSTUDI-245-01,PAINTING II
dPJB,PuCCl,83626386,ARTSTUDI-245-01,PAINTING II
WBXrJp,xFUf,19993965,ARTSTUDI-245-01,PAINTING II
qjIER,Kupfudkk,65937263,ARTSTUDI-247-01,COLLAGE
yMKoOjD,EeX,39612381,ARTSTUDI-247-01,COLLAGE
sbTcluTE,AOrrGMMbQ,16915694,ARTSTUDI-247-01,COLLAGE
hqxAt,bBIMkspS,31705591,ARTSTUDI-247-01,COLLAGE
Ikxwuze,jJHvIIuNp,42588068,ARTSTUDI-247-01,COLLAGE
fAIJYTW,tOxgMGKec,30331230,ARTSTUDI-247-01,COLLAGE
hFtODJCJv,TMkZj,52934823,ARTSTUDI-247-01,COLLAGE
Yl,zszzS,57401389,ARTSTUDI-247-01,COLLAGE
Xqs,MazR,81484699,ARTSTUDI-247-01,COLLAGE
hqnyklT,aKVb,22882548,ARTSTUDI-247-01,COLLAGE
VSvc,FtKhI,75228990,ARTSTUDI-249-01,ADV UG SEMINAR
oXllRZgh,onbLjaJUU,19374895,ARTSTUDI-249-01,ADV UG SEMINAR
kqwGVOn,mVPoYEtXr,20449835,ARTSTUDI-249-01,ADV UG SEMINAR
nVlFDWe,FuWL,85317370,ARTSTUDI-249-01,ADV UG SEMINAR
LaKshH,tHUxUbT,96682207,ARTSTUDI-249-01,ADV UG SEMINAR
eBBnFUtBD,wKhkkfkVPa,87757815,ARTSTUDI-249-01,ADV UG SEMINAR
OkMTIZ,Njpfu,68305167,ARTSTUDI-249-01,ADV UG SEMINAR
FYkgOYY,uBsT,18642205,ARTSTUDI-249-01,ADV UG SEMINAR
vwZF,wRP,31400556,FILMSTUD-250B-01,BOLLYWOOD AND BEYOND
jxCDXl,TkJyxChi,83946718,FILMSTUD-250B-01,BOLLYWOOD AND BEYOND
mFBU,vqPUFe,50861197,FILMSTUD-250B-01,BOLLYWOOD AND BEYOND
xbpCR,hGQqq,33307333,FILMSTUD-250B-01,BOLLYWOOD AND BEYOND
ZDZAJSxKT,KAYbp,94809786,FILMSTUD-250B-01,BOLLYWOOD AND BEYOND
CIQemAsIytK,JNod,73219121,FILMSTUD-250B-01,BOLLYWOOD AND BEYOND
ewLLO,XDFNyWix,79417506,ARTSTUDI-264-01,ADVANCED INTERACTION DESIGN
SjUuknhx,QcflhHXjX,00971937,ARTSTUDI-264-01,ADVANCED INTERACTION DESIGN
hjNlc,pztmfpw,66958135,ARTSTUDI-264-01,ADVANCED INTERACTION DESIGN
BABbkurXuN,ltulCSI,67680492,ARTSTUDI-264-01,ADVANCED INTERACTION DESIGN
TlPi,uQzS,92639538,ARTSTUDI-264-01,ADVANCED INTERACTION DESIGN
ZnbkOExPFwvvK,IvbjReM,56737399,ARTSTUDI-264-01,ADVANCED INTERACTION DESIGN
GgKeZw,JNJsDb,43574280,ARTSTUDI-264-01,ADVANCED INTERACTION DESIGN
YZj,FYUedcJ,84971508,ARTSTUDI-264-01,ADVANCED INTERACTION DESIGN
bibzV,dCdjHjS,18240442,ARTSTUDI-264-01,ADVANCED INTERACTION DESIGN
dzWW,XpX,63480176,ARTSTUDI-264-01,ADVANCED INTERACTION DESIGN
EoEO,htcAj,16495455,ARTSTUDI-264-01,ADVANCED INTERACTION DESIGN
vGSg,ZVQRc,70295873,ARTSTUDI-270-01,ADV PHOTOGRAPHY SEMINAR
zRJus,sZCaaO,97787897,ARTSTUDI-270-01,ADV PHOTOGRAPHY SEMINAR
MNgKmiMLN,ZrnK,75250778,ARTSTUDI-270-01,ADV PHOTOGRAPHY SEMINAR
eDCE,bGyGqZ,77608953,ARTSTUDI-270-01,ADV PHOTOGRAPHY SEMINAR
Puvn,TZKz,77103810,ARTSTUDI-270-01,ADV PHOTOGRAPHY SEMINAR
Wfobzn,mDloWP,71485789,ARTSTUDI-270-01,ADV PHOTOGRAPHY SEMINAR
qwZqb,WzMKP,34537283,ARTSTUDI-270-01,ADV PHOTOGRAPHY SEMINAR
juByKeF,vVX,74515018,ARTSTUDI-270-01,ADV PHOTOGRAPHY SEMINAR
skkPz,gyQPfw,47301958,ARTSTUDI-270-01,ADV PHOTOGRAPHY SEMINAR
AchP,uiWz,16492939,ARTSTUDI-271-01,VIEW CAMERA
NJTggi,lMlh,10754274,ARTSTUDI-271-01,VIEW CAMERA
VxKCbPmuX,lgde,22931725,ARTSTUDI-271-01,VIEW CAMERA
SjZKikdFm,gYmUt,26414882,ARTSTUDI-271-01,VIEW CAMERA
cOBNwYSTHia,Nmpla,58651429,ARTSTUDI-271-01,VIEW CAMERA
rMgAtjDte,aWQh,67953827,ARTSTUDI-271-01,VIEW CAMERA
DXv,MwxUoJw,10061462,ARTSTUDI-271-01,VIEW CAMERA
JlDJ,Esbw,86591184,ARTSTUDI-271-01,VIEW CAMERA
qnuu,Afzjup,16913125,ARTSTUDI-271-01,VIEW CAMERA
Ult,WXgtF,93760816,ARTSTUDI-271-01,VIEW CAMERA
WhAsP,CfyWGt,35288722,ARTSTUDI-271-01,VIEW CAMERA
NPhq,zecah,58496473,ARTSTUDI-271-01,VIEW CAMERA
tWlEOZExWs,ZHZwr,20649645,ARTSTUDI-275-01,DIGITAL PHOTOGRAPHY
WNblz,wfZmch,54198486,ARTSTUDI-275-01,DIGITAL PHOTOGRAPHY
ozngYeG,KcBrhiYcq,53621366,ARTSTUDI-275-01,DIGITAL PHOTOGRAPHY
FZwezW,YirMhN,35114303,ARTSTUDI-275-01,DIGITAL PHOTOGRAPHY
rALmvW,bdqQgf,22368193,ARTSTUDI-275-01,DIGITAL PHOTOGRAPHY
oHp,qZue,75402332,ARTSTUDI-275-01,DIGITAL PHOTOGRAPHY
bwmjV,nZgT,05387087,ARTSTUDI-275-01,DIGITAL PHOTOGRAPHY
ETWAQqmCw,PktZw,12600018,ARTSTUDI-275-01,DIGITAL PHOTOGRAPHY
XeEPLg,JOfD,85278635,ARTSTUDI-275-01,DIGITAL PHOTOGRAPHY
ZZxQVaV,vVg,44807532,ARTSTUDI-275-01,DIGITAL PHOTOGRAPHY
IXBJGKo,fGzQtET,86365618,ARTSTUDI-275-01,DIGITAL PHOTOGRAPHY
efmqwxL,NdlBj,61938101,ARTSTUDI-275-01,DIGITAL PHOTOGRAPHY
LvgCTcT,uFdpkTpYk,93366402,ARTSTUDI-277A-01,VIDEO ART II
cvirylF,rcidmjC,73876390,ARTSTUDI-277A-01,VIDEO ART II
JGfZBx,ylZPO,40560196,ARTHIST-284B-01,MUSEUM CULTURES
kJJUxXIt,mOKPa,37731499,ARTHIST-284B-01,MUSEUM CULTURES
nHhl,XiARMpwxs,79481165,ARTHIST-287A-01,JAPANESE TEA CEREMONY
wlGPtSp,FKNlrZ,48930670,ARTHIST-287A-01,JAPANESE TEA CEREMONY
zDaWhH,hblHG,45618887,ARTHIST-297-02,HONORS THESIS WRITING
IwTOHmCU,NWej,50293801,ARTHIST-297-07,HONORS THESIS WRITING
IHAxe,stviF,01561399,ARTHIST-297-07,HONORS THESIS WRITING
BlH,wNmhsibgN,70105786,ARTHIST-297-10,HONORS THESIS WRITING
aVhuhV,gksYE,13196860,ARTHIST-297-10,HONORS THESIS WRITING
xzxvGe,QvlWwYB,04522664,ARTSTUDI-297-04,HONORS THESIS EXHIBITION
KkrdTf,rzeN,42984003,ARTSTUDI-297-05,HONORS THESIS EXHIBITION
QgrWv,acQdOX,85949795,FILMSTUD-300C-01,WORLD CINEMA III
BaSZb,NnYqgyif,19045134,FILMSTUD-300C-01,WORLD CINEMA III
TXQA,vwwPeE,86919058,FILMSTUD-302-01,THEORIES OF MOVING IMAGE
whozy,fWgQ,83970795,FILMSTUD-302-01,THEORIES OF MOVING IMAGE
LJXLd,dfNVsD,56135961,FILMSTUD-302-01,THEORIES OF MOVING IMAGE
LxzJKs,TfOH,66336264,FILMSTUD-302-01,THEORIES OF MOVING IMAGE
XFPIeN,yRmK,69188410,FILMSTUD-302-01,THEORIES OF MOVING IMAGE
IlKJTtq,tYFgRCV,36806396,FILMSTUD-302-01,THEORIES OF MOVING IMAGE
lfJQLEehM,wIQxy,76715441,FILMSTUD-302-01,THEORIES OF MOVING IMAGE
koYgv,yVPfuAjc,06857121,FILMSTUD-302-01,THEORIES OF MOVING IMAGE
TC,lMdmW,68927296,FILMPROD-305-01,SCRIPT ANALYSIS
onHTnrn,OKW,13581769,FILMPROD-305-01,SCRIPT ANALYSIS
GDx,ERdAfgof,69724480,FILMPROD-305-01,SCRIPT ANALYSIS
qrqgdJ,cOxSv,29925476,FILMPROD-305-01,SCRIPT ANALYSIS
yVFQeGMh,CriWz,31590124,ARTHIST-305B-01,MEDIEVAL JOURNEYS: ART
lmJofbVN,MDWDH,93978077,ARTHIST-305B-02,MEDIEVAL JOURNEYS: ART
SdGuLG,BUZFc,99622220,FILMSTUD-329-01,ANIMATION AND THE ANIMATED FIL
mORqID,jKowGWk,17436172,FILMSTUD-329-01,ANIMATION AND THE ANIMATED FIL
VXWXd,GSjd,28443877,FILMSTUD-329-01,ANIMATION AND THE ANIMATED FIL
KhFIQuK,TnR,68824301,FILMSTUD-329-01,ANIMATION AND THE ANIMATED FIL
bWfF,HB,63236523,FILMSTUD-329-01,ANIMATION AND THE ANIMATED FIL
wowwymQ,gCyHMf,38544626,FILMSTUD-329-01,ANIMATION AND THE ANIMATED FIL
jMyNQgmyTxS,syZX,15237541,FILMSTUD-329-01,ANIMATION AND THE ANIMATED FIL
FElXtf,ozRObv,61572924,FILMSTUD-329-01,ANIMATION AND THE ANIMATED FIL
IsqXK,lbWAqKx,73601210,FILMSTUD-329-01,ANIMATION AND THE ANIMATED FIL
pEdIXXHLD,DJzxo,57331095,ARTSTUDI-342-01,MASTER'S PROJECT
kwyY,dOQQ,71944386,ARTSTUDI-342-02,MASTER'S PROJECT
UMrcK,eIDKOV,60703817,ARTSTUDI-342-02,MASTER'S PROJECT
hqDeelt,jmL,44431476,ARTSTUDI-342-02,MASTER'S PROJECT
krRlR,blgUkZ,22373605,ARTSTUDI-342-06,MASTER'S PROJECT
GFWhE,dEHxkl,57263949,ARTSTUDI-342-07,MASTER'S PROJECT
nZJPzNELJLDVmfU,XUXJf,52243997,ARTSTUDI-342-09,MASTER'S PROJECT
vxpRlUXyrww,ICnb,97139636,ARTSTUDI-342-09,MASTER'S PROJECT
fXqGbx,xTJQ,40475715,ARTSTUDI-342-09,MASTER'S PROJECT
RhAnH,LZGFLt,63584569,ARTSTUDI-342C-01,M.F.A SEMINAR
RDIrxqzWz,LUQtR,26550600,ARTSTUDI-342C-01,M.F.A SEMINAR
SnSEg,SIbneW,44565790,ARTSTUDI-342C-01,M.F.A SEMINAR
iKOBkpRNZnMkbDB,lYaTT,71891351,ARTSTUDI-342C-01,M.F.A SEMINAR
cJfW,VWEM,36045654,ARTSTUDI-342C-01,M.F.A SEMINAR
QmZLk,EJhZqe,02085528,ARTSTUDI-342C-01,M.F.A SEMINAR
WMKcuje,exp,39448339,ARTSTUDI-342C-01,M.F.A SEMINAR
RXauGCPrhxb,eytD,78448940,ARTSTUDI-342C-01,M.F.A SEMINAR
JaAPSB,BNLp,20649148,ARTSTUDI-342C-01,M.F.A SEMINAR
cDBUcWG,bmSTLcbp,41475309,ARTHIST-344B-01,MODERN DESIGN FROM THE EIFFEL
gJJbc,KyYHX,44741032,ARTHIST-344B-01,MODERN DESIGN FROM THE EIFFEL
AtFij,lbSwVcZ,91553050,ARTHIST-344B-01,MODERN DESIGN FROM THE EIFFEL
XHEmESR,uGwwYO,05736327,ARTHIST-344B-01,MODERN DESIGN FROM THE EIFFEL
cDFms,rMLbs,47005391,ARTHIST-344B-02,MODERN DESIGN FROM THE EIFFEL
ssHySUc,QGsyFM,31507757,ARTHIST-344B-02,MODERN DESIGN FROM THE EIFFEL
szYeakcJzAjhavT,IAtAmn,25189943,FILMSTUD-347-01,IBERIAN AND LATIN AMERICAN EXP
ebsRqv,VBFLVgmb,15415523,FILMSTUD-347-01,IBERIAN AND LATIN AMERICAN EXP
Fqhkc,jepdttw,31939845,FILMSTUD-347-01,IBERIAN AND LATIN AMERICAN EXP
TmMdyMdi,LMBXvJjaU,12377628,FILMSTUD-347-01,IBERIAN AND LATIN AMERICAN EXP
sNvLYNm,WVm,14049500,FILMSTUD-347-01,IBERIAN AND LATIN AMERICAN EXP
eTRS,JABx,23683420,FILMSTUD-347-01,IBERIAN AND LATIN AMERICAN EXP
iWJM,phbQty,99169621,FILMPROD-403-01,ADVANCED DOCUMENTARY DIRECTING
wGmwi,RJRz,36443340,FILMPROD-403-01,ADVANCED DOCUMENTARY DIRECTING
TBSiY,atTFvz,43235858,FILMPROD-403-01,ADVANCED DOCUMENTARY DIRECTING
RLECap,mMPb,46502569,FILMPROD-403-01,ADVANCED DOCUMENTARY DIRECTING
giKAtN,tslS,84883761,FILMPROD-403-01,ADVANCED DOCUMENTARY DIRECTING
CxgNKcl,NqeOGxk,33509580,FILMPROD-403-01,ADVANCED DOCUMENTARY DIRECTING
xlgwtjHlt,SyfKp,16231270,FILMPROD-403-01,ADVANCED DOCUMENTARY DIRECTING
mlqs,wsRBwp,13758608,FILMPROD-404-01,ADVANCED VIDEO PRODUCTION
DBlGh,lreu,01445462,FILMPROD-404-01,ADVANCED VIDEO PRODUCTION
MJJLC,doFMfn,21429974,FILMPROD-404-01,ADVANCED VIDEO PRODUCTION
wSZxWT,majB,79092283,FILMPROD-404-01,ADVANCED VIDEO PRODUCTION
VfhpiZ,Mdwx,60089242,FILMPROD-404-01,ADVANCED VIDEO PRODUCTION
nVGFoBN,sVIfwRH,95688944,FILMPROD-404-01,ADVANCED VIDEO PRODUCTION
XxNkTzjjD,FBfDj,49998595,FILMPROD-404-01,ADVANCED VIDEO PRODUCTION
dsZoaGiB,iEmP,75238278,ARTHIST-405A-01,GRADUATE PEDAGOGY COURSE
VXlqAs,pOBfZJ,83379608,ARTHIST-405A-01,GRADUATE PEDAGOGY COURSE
YNgWa,riNvT,46132922,ARTHIST-405A-01,GRADUATE PEDAGOGY COURSE
MHXHL,QMPIhM,38304737,ARTHIST-405A-01,GRADUATE PEDAGOGY COURSE
rctXogm,pxCh,63284986,ARTHIST-405A-01,GRADUATE PEDAGOGY COURSE
UFlve,iukARPo,25414640,ARTHIST-405A-01,GRADUATE PEDAGOGY COURSE
bEaGOq,hXi,55916301,ARTHIST-405A-01,GRADUATE PEDAGOGY COURSE
qiIG,gvsRXVbd,91535081,ARTHIST-405A-01,GRADUATE PEDAGOGY COURSE
fQfXmtdpetSxYfm,wdHqBD,09300470,FILMPROD-406B-01,DOC MFA THESIS SEMINAR II
tZIAa,WoIh,91847971,FILMPROD-406B-01,DOC MFA THESIS SEMINAR II
HxiEso,FRjyCxQW,24758576,FILMPROD-406B-01,DOC MFA THESIS SEMINAR II
FB,FjVk,35288747,FILMPROD-406B-01,DOC MFA THESIS SEMINAR II
yGKpuBBi,OcWmwXuUX,22538233,FILMPROD-406B-01,DOC MFA THESIS SEMINAR II
tJlYBVo,Ojk,42163499,FILMPROD-406B-01,DOC MFA THESIS SEMINAR II
TJapHeBxMwB,mFGy,70140781,FILMPROD-406B-01,DOC MFA THESIS SEMINAR II
LJMUTh,MFoCWu,78773813,FILMPROD-406B-01,DOC MFA THESIS SEMINAR II
nude,UGDafi,18474390,ARTHIST-409-01,ICONOCLASM
okXSEDbv,Kybl,72251931,ARTHIST-409-01,ICONOCLASM
wtsWf,GiYpC,56103623,ARTHIST-409-01,ICONOCLASM
dEOWXvFK,vyH,22821613,ARTHIST-409-01,ICONOCLASM
vFLuVk,jnS,35299457,ARTHIST-409-01,ICONOCLASM
DIdTsafy,nRcd,71991249,FILMSTUD-413-01,GLOBAL MELODRAMA
gMKdXy,BonJfp,28024822,ARTHIST-419-01,THE POETICS OF SOFTNESS
XmSechg,YqfXuiYZ,11994184,ARTHIST-419-01,THE POETICS OF SOFTNESS
AwVENwsb,BQoBvxb,42421070,ARTHIST-419-01,THE POETICS OF SOFTNESS
ZtJduj,OHS,07715917,ARTHIST-419-01,THE POETICS OF SOFTNESS
ADICzeA,vOGbqr,02056048,ARTHIST-419-01,THE POETICS OF SOFTNESS
GaQQ,NwEtnZ,40807530,ARTHIST-423-01,LIVING IN THE MATERIAL WORLD
kAQdXQvQ,lrBo,34460313,ARTHIST-423-01,LIVING IN THE MATERIAL WORLD
CzynIMOx,ykVVu,80200916,ARTHIST-423-01,LIVING IN THE MATERIAL WORLD
LimKr,TMPbwbkWc,66289484,ARTHIST-423-01,LIVING IN THE MATERIAL WORLD
QwjRMcnVq,mpx,01481618,ARTHIST-423-01,LIVING IN THE MATERIAL WORLD
ANFht,ERPuM,96043077,ARTHIST-423-01,LIVING IN THE MATERIAL WORLD
JXtKo,zwLxhZr,78457934,ARTHIST-423-01,LIVING IN THE MATERIAL WORLD
PrAlMN,AUvUFu,16877265,ARTHIST-423-01,LIVING IN THE MATERIAL WORLD
lKfpQzra,OulWR,47511436,ARTHIST-423-01,LIVING IN THE MATERIAL WORLD
DvSEx,AFWPKE,73577425,FILMSTUD-423-01,SERIALITY
mtbgvoiXMJbhlR,iLEvOEtnNRN,82300836,FILMSTUD-423-01,SERIALITY
BLkSk,TtWMLfH,31139698,FILMSTUD-423-01,SERIALITY
tDbDrBaaQT,AWcftz,34594045,ARTHIST-477-01,"FOLK, OUTSIDER, SELF-TAUGHT"
FFeQ,NgYMZv,73877735,ARTHIST-477-01,"FOLK, OUTSIDER, SELF-TAUGHT"
DMtEra,xAHyPG,53913496,ARTHIST-477-01,"FOLK, OUTSIDER, SELF-TAUGHT"
EQRYRPMA,ZrZIK,10178154,ARTHIST-477-01,"FOLK, OUTSIDER, SELF-TAUGHT"
qtzdmwjnf,ABt,20570197,ARTHIST-477-01,"FOLK, OUTSIDER, SELF-TAUGHT"
Yyvnd,aMPwGj,62979614,ARTHIST-477-01,"FOLK, OUTSIDER, SELF-TAUGHT"
VtVeWr,TQQOc,62174510,ARTHIST-477-01,"FOLK, OUTSIDER, SELF-TAUGHT"
EiHuAiL,KXBX,35328265,ARTHIST-477-01,"FOLK, OUTSIDER, SELF-TAUGHT"
vFCkUAs,YSM,10833325,ARTHIST-477-01,"FOLK, OUTSIDER, SELF-TAUGHT"
XfXy,VlxL,89657834,ARTHIST-477-01,"FOLK, OUTSIDER, SELF-TAUGHT"
oBebKK,ETD,69685220,ARTHIST-477-01,"FOLK, OUTSIDER, SELF-TAUGHT"
XrJfjUtCO,whnLA,79915494,ARTHIST-477-01,"FOLK, OUTSIDER, SELF-TAUGHT"
PJgd,bTFdfLoP,94257945,ARTHIST-477-01,"FOLK, OUTSIDER, SELF-TAUGHT"
AVeqcBrbZ,UYWtl,41180666,ARTHIST-477-01,"FOLK, OUTSIDER, SELF-TAUGHT"
IjvQKxf,VduiLV,22607669,ARTHIST-477-01,"FOLK, OUTSIDER, SELF-TAUGHT"
OqkZvDlo,MdirS,15831395,ARTHIST-477-01,"FOLK, OUTSIDER, SELF-TAUGHT"
GZcPPLpeUgfI,OEVAarPVXP,23974810,ARTHIST-620-19,QUALIFYING EXAM PREPARATION
bpuNWNi,ZorK,45809458,ARTHIST-620-20,QUALIFYING EXAM PREPARATION
UvnQ,PdmOZlRQ,16749237,ARTHIST-640-20,DISSERTATION PROPOSAL PREP
fxQeGvr,enZL,90050648,ARTHIST-650-21,DISSERTATION RESEARCH
pPVD,ngLvbF,78152980,ARTHIST-660-10,INDEPENDENT STUDY
xaNvDddB,vpKvm,63049024,ARTHIST-660-10,INDEPENDENT STUDY
ttNC,Ghrnb,89485560,ARTHIST-660-17,INDEPENDENT STUDY
WGdV,nUrk,84986865,ARTHIST-660-21,INDEPENDENT STUDY
sMAjXIpd,mOfxRna,30151350,ARTHIST-660-21,INDEPENDENT STUDY
sqtM,DJZeFOiM,12658189,ARTHIST-660-21,INDEPENDENT STUDY
ivsj,trZR,39824279,ARTHIST-660-22,INDEPENDENT STUDY
eJtGG,YyipAJE,66184526,FILMSTUD-660E-04,EXTENDED SEMINAR
zTHu,OlCTyhA,38573910,ARTHIST-680-02,CURRICULAR PRACTICAL TRAINING
kUNNXkeAs,FGgHv,58949590,ARTSTUDI-801-08,TGR PROJECT
mIiXL,CnDDPY,86508101,ARTSTUDI-801-08,TGR PROJECT
smnfgjHTxUK,CkLA,92730319,ARTSTUDI-801-08,TGR PROJECT
RxtDcc,jvkQ,04494283,ARTSTUDI-801-08,TGR PROJECT
FaPJl,hXEQo,15786268,ARTHIST-802-02,TGR DISSERTATION
SUlcPui,XpyB,34214354,ARTHIST-802-06,TGR DISSERTATION
NxCjz,LjrrLt,99387765,ARTHIST-802-06,TGR DISSERTATION
CsWwvgj,Cqhx,85766357,ARTHIST-802-06,TGR DISSERTATION
fIH,gQNOE,87765374,ARTHIST-802-09,TGR DISSERTATION
iqwLm,zxcYSo,64941778,ARTHIST-802-09,TGR DISSERTATION
YEem,Qmqf,91653929,ARTHIST-802-14,TGR DISSERTATION
sXfPCmlyF,uvsm,55844215,ARTHIST-802-17,TGR DISSERTATION
zxby,ijMXLxj,12922134,ARTHIST-802-17,TGR DISSERTATION
KEfJaiifA,uWZzPg,51298063,ARTHIST-802-20,TGR DISSERTATION
RTEMNqfvWo,MiJoeEovpngA,58260202,ARTHIST-802-20,TGR DISSERTATION
wOjmYwa,Hqceb,90203520,ARTHIST-802-20,TGR DISSERTATION
PqqVepY,IUsaIG,79372120,ARTHIST-802-20,TGR DISSERTATION
oMLwbkF,RSjn,46840096,ARTHIST-802-21,TGR DISSERTATION
oqJdUrW,PCoy,91585276,ARTHIST-802-22,TGR DISSERTATION
,,,--,
